Workbook

Sheet VFF Shoes Stock
A1: VFF Shoe Inventory List (by Store)
A2: As of 09/25/2026 (End of Business Hours)
A3: Code | B3: Model | C3: Color | D3: Size | E3: K Village | G3: Central CL (Department) | I3: Siam Discovery | K3: Paradise Park | M3: Central LP | O3: Total
E4: Quantity | F4: Return | G4: Quantity | H4: Return | I4: Quantity | J4: Return | K4: Quantity | L4: Return | M4: Quantity | N4: Return | O4: Quantity | P4: Return
A5: VFF0002(BK/BL,M40) | B5: VFF V-Run | C5: Black/Blue | D5: M40 | E5: =SUMIFS('K Village'!$D:$D,'K Village'!$B:$B,$A5) -> 0 | G5: =SUMIFS('Central CL (Department)'!$BO:$BO,'Central CL (Department)'!$A:$A,$A5) -> 0 | I5: =SUMIFS('Siam Discovery'!$C:$C,'Siam Discovery'!$A:$A,$A5) -> 0 | K5: =SUMIFS('Paradise Park'!$C:$C,'Paradise Park'!$A:$A,$A5) -> 0 | M5: =SUMIFS('Central LP'!$D:$D,'Central LP'!$B:$B,$A5) -> 1 | O5: =E5+G5+I5+K5+M5 -> 1 | P5: =F5+H5+J5+L5+N5 -> 0
A6: VFF0002(BK/BL,M41) | B6: VFF V-Run | C6: Black/Blue | D6: M41 | E6: =SUMIFS('K Village'!$D:$D,'K Village'!$B:$B,$A6) -> 0 | G6: =SUMIFS('Central CL (Department)'!$BO:$BO,'Central CL (Department)'!$A:$A,$A6) -> 2 | I6: =SUMIFS('Siam Discovery'!$C:$C,'Siam Discovery'!$A:$A,$A6) -> 0 | K6: =SUMIFS('Paradise Park'!$C:$C,'Paradise Park'!$A:$A,$A6) -> 1 | M6: =SUMIFS('Central LP'!$D:$D,'Central LP'!$B:$B,$A6) -> 3 | O6: =E6+G6+I6+K6+M6 -> 6 | P6: =F6+H6+J6+L6+N6 -> 0
A7: VFF0002(BK/BL,M42) | B7: VFF V-Run | C7: Black/Blue | D7: M42 | E7: =SUMIFS('K Village'!$D:$D,'K Village'!$B:$B,$A7) -> 0 | G7: =SUMIFS('Central CL (Department)'!$BO:$BO,'Central CL (Department)'!$A:$A,$A7) -> 3 | I7: =SUMIFS('Siam Discovery'!$C:$C,'Siam Discovery'!$A:$A,$A7) -> 0 | K7: =SUMIFS('Paradise Park'!$C:$C,'Paradise Park'!$A:$A,$A7) -> 1 | M7: =SUMIFS('Central LP'!$D:$D,'Central LP'!$B:$B,$A7) -> 1 | O7: =E7+G7+I7+K7+M7 -> 5 | P7: =F7+H7+J7+L7+N7 -> 0
A8: VFF0002(BK/BL,M43) | B8: VFF V-Run | C8: Black/Blue | D8: M43 | E8: =SUMIFS('K Village'!$D:$D,'K Village'!$B:$B,$A8) -> 0 | G8: =SUMIFS('Central CL (Department)'!$BO:$BO,'Central CL (Department)'!$A:$A,$A8) -> 0 | I8: =SUMIFS('Siam Discovery'!$C:$C,'Siam Discovery'!$A:$A,$A8) -> 2 | K8: =SUMIFS('Paradise Park'!$C:$C,'Paradise Park'!$A:$A,$A8) -> 1 | M8: =SUMIFS('Central LP'!$D:$D,'Central LP'!$B:$B,$A8) -> 2 | O8: =E8+G8+I8+K8+M8 -> 5 | P8: =F8+H8+J8+L8+N8 -> 0
A9: VFF0002(BK/BL,M44) | B9: VFF V-Run | C9: Black/Blue | D9: M44 | E9: =SUMIFS('K Village'!$D:$D,'K Village'!$B:$B,$A9) -> 0 | G9: =SUMIFS('Central CL (Department)'!$BO:$BO,'Central CL (Department)'!$A:$A,$A9) -> 0 | I9: =SUMIFS('Siam Discovery'!$C:$C,'Siam Discovery'!$A:$A,$A9) -> 0 | K9: =SUMIFS('Paradise Park'!$C:$C,'Paradise Park'!$A:$A,$A9) -> 0 | M9: =SUMIFS('Central LP'!$D:$D,'Central LP'!$B:$B,$A9) -> 1 | O9: =E9+G9+I9+K9+M9 -> 1 | P9: =F9+H9+J9+L9+N9 -> 0
A10: VFF0002(BK/BL,M45) | B10: VFF V-Run | C10: Black/Blue | D10: M45 | E10: =SUMIFS('K Village'!$D:$D,'K Village'!$B:$B,$A10) -> 0 | G10: =SUMIFS('Central CL (Department)'!$BO:$BO,'Central CL (Department)'!$A:$A,$A10) -> 1 | I10: =SUMIFS('Siam Discovery'!$C:$C,'Siam Discovery'!$A:$A,$A10) -> 0 | K10: =SUMIFS('Paradise Park'!$C:$C,'Paradise Park'!$A:$A,$A10) -> 2 | M10: =SUMIFS('Central LP'!$D:$D,'Central LP'!$B:$B,$A10) -> 2 | O10: =E10+G10+I10+K10+M10 -> 5 | P10: =F10+H10+J10+L10+N10 -> 0
A11: VFF0002(BK/BL,M46) | B11: VFF V-Run | C11: Black/Blue | D11: M46 | E11: =SUMIFS('K Village'!$D:$D,'K Village'!$B:$B,$A11) -> 0 | G11: =SUMIFS('Central CL (Department)'!$BO:$BO,'Central CL (Department)'!$A:$A,$A11) -> 1 | I11: 0 | K11: =SUMIFS('Paradise Park'!$C:$C,'Paradise Park'!$A:$A,$A11) -> 3 | M11: =SUMIFS('Central LP'!$D:$D,'Central LP'!$B:$B,$A11) -> 1 | O11: =E11+G11+I11+K11+M11 -> 5 | P11: =F11+H11+J11+L11+N11 -> 0
A12: VFF0002(BK/BL,M47) | B12: VFF V-Run | C12: Black/Blue | D12: M47 | E12: =SUMIFS('K Village'!$D:$D,'K Village'!$B:$B,$A12) -> 0 | G12: =SUMIFS('Central CL (Department)'!$BO:$BO,'Central CL (Department)'!$A:$A,$A12) -> 2 | I12: =SUMIFS('Siam Discovery'!$C:$C,'Siam Discovery'!$A:$A,$A12) -> 0 | K12: =SUMIFS('Paradise Park'!$C:$C,'Paradise Park'!$A:$A,$A12) -> 0 | M12: =SUMIFS('Central LP'!$D:$D,'Central LP'!$B:$B,$A12) -> 1 | O12: =E12+G12+I12+K12+M12 -> 3 | P12: =F12+H12+J12+L12+N12 -> 0
A13: VFF0002(BK/BL,M48) | B13: VFF V-Run | C13: Black/Blue | D13: M48 | E13: =SUMIFS('K Village'!$D:$D,'K Village'!$B:$B,$A13) -> 0 | G13: =SUMIFS('Central CL (Department)'!$BO:$BO,'Central CL (Department)'!$A:$A,$A13) -> 0 | I13: =SUMIFS('Siam Discovery'!$C:$C,'Siam Discovery'!$A:$A,$A13) -> 0 | K13: =SUMIFS('Paradise Park'!$C:$C,'Paradise Park'!$A:$A,$A13) -> 1 | M13: =SUMIFS('Central LP'!$D:$D,'Central LP'!$B:$B,$A13) -> 0 | O13: =E13+G13+I13+K13+M13 -> 1 | P13: =F13+H13+J13+L13+N13 -> 0
A14: VFF0002(BK/F,W36) | B14: VFF V-Run | C14: Black/Fig | D14: W36 | E14: =SUMIFS('K Village'!$D:$D,'K Village'!$B:$B,$A14) -> 1 | G14: =SUMIFS('Central CL (Department)'!$BO:$BO,'Central CL (Department)'!$A:$A,$A14) -> 1 | I14: =SUMIFS('Siam Discovery'!$C:$C,'Siam Discovery'!$A:$A,$A14) -> 0 | K14: =SUMIFS('Paradise Park'!$C:$C,'Paradise Park'!$A:$A,$A14) -> 2 | M14: =SUMIFS('Central LP'!$D:$D,'Central LP'!$B:$B,$A14) -> 1 | O14: =E14+G14+I14+K14+M14 -> 5 | P14: =F14+H14+J14+L14+N14 -> 0
A15: VFF0002(BK/F,W37) | B15: VFF V-Run | C15: Black/Fig | D15: W37 | E15: =SUMIFS('K Village'!$D:$D,'K Village'!$B:$B,$A15) -> 2 | G15: =SUMIFS('Central CL (Department)'!$BO:$BO,'Central CL (Department)'!$A:$A,$A15) -> 2 | I15: =SUMIFS('Siam Discovery'!$C:$C,'Siam Discovery'!$A:$A,$A15) -> 0 | K15: =SUMIFS('Paradise Park'!$C:$C,'Paradise Park'!$A:$A,$A15) -> 2 | M15: =SUMIFS('Central LP'!$D:$D,'Central LP'!$B:$B,$A15) -> 1 | O15: =E15+G15+I15+K15+M15 -> 7 | P15: =F15+H15+J15+L15+N15 -> 0
A16: VFF0002(BK/F,W38) | B16: VFF V-Run | C16: Black/Fig | D16: W38 | E16: =SUMIFS('K Village'!$D:$D,'K Village'!$B:$B,$A16) -> 2 | G16: =SUMIFS('Central CL (Department)'!$BO:$BO,'Central CL (Department)'!$A:$A,$A16) -> 1 | I16: =SUMIFS('Siam Discovery'!$C:$C,'Siam Discovery'!$A:$A,$A16) -> 2 | K16: =SUMIFS('Paradise Park'!$C:$C,'Paradise Park'!$A:$A,$A16) -> 3 | M16: =SUMIFS('Central LP'!$D:$D,'Central LP'!$B:$B,$A16) -> 1 | O16: =E16+G16+I16+K16+M16 -> 9 | P16: =F16+H16+J16+L16+N16 -> 0
A17: VFF0002(BK/F,W39) | B17: VFF V-Run | C17: Black/Fig | D17: W39 | E17: =SUMIFS('K Village'!$D:$D,'K Village'!$B:$B,$A17) -> 2 | G17: =SUMIFS('Central CL (Department)'!$BO:$BO,'Central CL (Department)'!$A:$A,$A17) -> 1 | I17: =SUMIFS('Siam Discovery'!$C:$C,'Siam Discovery'!$A:$A,$A17) -> 2 | K17: =SUMIFS('Paradise Park'!$C:$C,'Paradise Park'!$A:$A,$A17) -> 0 | M17: =SUMIFS('Central LP'!$D:$D,'Central LP'!$B:$B,$A17) -> 1 | O17: =E17+G17+I17+K17+M17 -> 6 | P17: =F17+H17+J17+L17+N17 -> 0
A18: VFF0002(BK/F,W40) | B18: VFF V-Run | C18: Black/Fig | D18: W40 | E18: =SUMIFS('K Village'!$D:$D,'K Village'!$B:$B,$A18) -> 2 | G18: =SUMIFS('Central CL (Department)'!$BO:$BO,'Central CL (Department)'!$A:$A,$A18) -> 1 | I18: =SUMIFS('Siam Discovery'!$C:$C,'Siam Discovery'!$A:$A,$A18) -> 1 | K18: =SUMIFS('Paradise Park'!$C:$C,'Paradise Park'!$A:$A,$A18) -> 0 | M18: =SUMIFS('Central LP'!$D:$D,'Central LP'!$B:$B,$A18) -> 1 | O18: =E18+G18+I18+K18+M18 -> 5 | P18: =F18+H18+J18+L18+N18 -> 0
A19: VFF0002(BK/F,W41) | B19: VFF V-Run | C19: Black/Fig | D19: W41 | E19: =SUMIFS('K Village'!$D:$D,'K Village'!$B:$B,$A19) -> 3 | G19: =SUMIFS('Central CL (Department)'!$BO:$BO,'Central CL (Department)'!$A:$A,$A19) -> 1 | I19: =SUMIFS('Siam Discovery'!$C:$C,'Siam Discovery'!$A:$A,$A19) -> 0 | K19: =SUMIFS('Paradise Park'!$C:$C,'Paradise Park'!$A:$A,$A19) -> 2 | M19: =SUMIFS('Central LP'!$D:$D,'Central LP'!$B:$B,$A19) -> 1 | O19: =E19+G19+I19+K19+M19 -> 7 | P19: =F19+H19+J19+L19+N19 -> 0
A20: VFF0002(BK/LI/BK,M38) | B20: VFF V-Run | C20: Black Lime/Black | D20: M38 | E20: =SUMIFS('K Village'!$D:$D,'K Village'!$B:$B,$A20) -> 1 | G20: =SUMIFS('Central CL (Department)'!$BO:$BO,'Central CL (Department)'!$A:$A,$A20) -> 0 | I20: =SUMIFS('Siam Discovery'!$C:$C,'Siam Discovery'!$A:$A,$A20) -> 0 | K20: =SUMIFS('Paradise Park'!$C:$C,'Paradise Park'!$A:$A,$A20) -> 0 | M20: =SUMIFS('Central LP'!$D:$D,'Central LP'!$B:$B,$A20) -> 0 | O20: =E20+G20+I20+K20+M20 -> 1 | P20: =F20+H20+J20+L20+N20 -> 0
A21: VFF0002(BK/LI/BK,M39) | B21: VFF V-Run | C21: Black Lime/Black | D21: M39 | E21: =SUMIFS('K Village'!$D:$D,'K Village'!$B:$B,$A21) -> 1 | G21: =SUMIFS('Central CL (Department)'!$BO:$BO,'Central CL (Department)'!$A:$A,$A21) -> 0 | I21: =SUMIFS('Siam Discovery'!$C:$C,'Siam Discovery'!$A:$A,$A21) -> 0 | K21: =SUMIFS('Paradise Park'!$C:$C,'Paradise Park'!$A:$A,$A21) -> 0 | M21: =SUMIFS('Central LP'!$D:$D,'Central LP'!$B:$B,$A21) -> 0 | O21: =E21+G21+I21+K21+M21 -> 1 | P21: =F21+H21+J21+L21+N21 -> 0
A22: VFF0002(BK/LI/BK,M40) | B22: VFF V-Run | C22: Black Lime/Black | D22: M40 | E22: =SUMIFS('K Village'!$D:$D,'K Village'!$B:$B,$A22) -> 1 | G22: =SUMIFS('Central CL (Department)'!$BO:$BO,'Central CL (Department)'!$A:$A,$A22) -> 0 | I22: =SUMIFS('Siam Discovery'!$C:$C,'Siam Discovery'!$A:$A,$A22) -> 0 | K22: =SUMIFS('Paradise Park'!$C:$C,'Paradise Park'!$A:$A,$A22) -> 2 | M22: =SUMIFS('Central LP'!$D:$D,'Central LP'!$B:$B,$A22) -> 1 | O22: =E22+G22+I22+K22+M22 -> 4 | P22: =F22+H22+J22+L22+N22 -> 0
A23: VFF0002(BK/LI/BK,M41) | B23: VFF V-Run | C23: Black Lime/Black | D23: M41 | E23: =SUMIFS('K Village'!$D:$D,'K Village'!$B:$B,$A23) -> 2 | G23: =SUMIFS('Central CL (Department)'!$BO:$BO,'Central CL (Department)'!$A:$A,$A23) -> 1 | I23: =SUMIFS('Siam Discovery'!$C:$C,'Siam Discovery'!$A:$A,$A23) -> 1 | K23: =SUMIFS('Paradise Park'!$C:$C,'Paradise Park'!$A:$A,$A23) -> 4 | M23: =SUMIFS('Central LP'!$D:$D,'Central LP'!$B:$B,$A23) -> 1 | O23: =E23+G23+I23+K23+M23 -> 9 | P23: =F23+H23+J23+L23+N23 -> 0
... A26: VFF0002(BK/LI/BK,M44) | B26: VFF V-Run | C26: Black Lime/Black | D26: M44 | E26: =SUMIFS('K Village'!$D:$D,'K Village'!$B:$B,$A26) -> 1 | G26: =SUMIFS('Central CL (Department)'!$BO:$BO,'Central CL (Department)'!$A:$A,$A26) -> 2 | I26: =SUMIFS('Siam Discovery'!$C:$C,'Siam Discovery'!$A:$A,$A26) -> 1 | K26: =SUMIFS('Paradise Park'!$C:$C,'Paradise Park'!$A:$A,$A26) -> 2 | M26: =SUMIFS('Central LP'!$D:$D,'Central LP'!$B:$B,$A26) -> 2 | O26: =E26+G26+I26+K26+M26 -> 8 | P26: =F26+H26+J26+L26+N26 -> 0
A27: VFF0002(BK/LI/BK,M45) | B27: VFF V-Run | C27: Black Lime/Black | D27: M45 | E27: =SUMIFS('K Village'!$D:$D,'K Village'!$B:$B,$A27) -> 1 | G27: =SUMIFS('Central CL (Department)'!$BO:$BO,'Central CL (Department)'!$A:$A,$A27) -> 1 | I27: =SUMIFS('Siam Discovery'!$C:$C,'Siam Discovery'!$A:$A,$A27) -> 1 | K27: =SUMIFS('Paradise Park'!$C:$C,'Paradise Park'!$A:$A,$A27) -> 1 | M27: 1 | O27: =E27+G27+I27+K27+M27 -> 5 | P27: =F27+H27+J27+L27+N27 -> 0
A28: VFF0002(BK/LI/BK,M46) | B28: VFF V-Run | C28: Black Lime/Black | D28: M46 | E28: =SUMIFS('K Village'!$D:$D,'K Village'!$B:$B,$A28) -> 1 | G28: =SUMIFS('Central CL (Department)'!$BO:$BO,'Central CL (Department)'!$A:$A,$A28) -> 0 | I28: =SUMIFS('Siam Discovery'!$C:$C,'Siam Discovery'!$A:$A,$A28) -> 0 | K28: =SUMIFS('Paradise Park'!$C:$C,'Paradise Park'!$A:$A,$A28) -> 2 | M28: =SUMIFS('Central LP'!$D:$D,'Central LP'!$B:$B,$A28) -> 1 | O28: =E28+G28+I28+K28+M28 -> 4 | P28: =F28+H28+J28+L28+N28 -> 0
A29: VFF0002(BK/LI/BK,M47) | B29: VFF V-Run | C29: Black Lime/Black | D29: M47 | E29: =SUMIFS('K Village'!$D:$D,'K Village'!$B:$B,$A29) -> 1 | G29: =SUMIFS('Central CL (Department)'!$BO:$BO,'Central CL (Department)'!$A:$A,$A29) -> 0 | I29: =SUMIFS('Siam Discovery'!$C:$C,'Siam Discovery'!$A:$A,$A29) -> 0 | K29: =SUMIFS('Paradise Park'!$C:$C,'Paradise Park'!$A:$A,$A29) -> 2 | M29: =SUMIFS('Central LP'!$D:$D,'Central LP'!$B:$B,$A29) -> 1 | O29: =E29+G29+I29+K29+M29 -> 4 | P29: =F29+H29+J29+L29+N29 -> 0
A30: VFF0002(BK/YL,M42) | B30: VFF V-Run | C30: Black/Yellow | D30: M42 | E30: =SUMIFS('K Village'!$D:$D,'K Village'!$B:$B,$A30) -> 0 | G30: =SUMIFS('Central CL (Department)'!$BO:$BO,'Central CL (Department)'!$A:$A,$A30) -> 0 | I30: =SUMIFS('Siam Discovery'!$C:$C,'Siam Discovery'!$A:$A,$A30) -> 0 | K30: =SUMIFS('Paradise Park'!$C:$C,'Paradise Park'!$A:$A,$A30) -> 0 | M30: =SUMIFS('Central LP'!$D:$D,'Central LP'!$B:$B,$A30) -> 0 | O30: =E30+G30+I30+K30+M30 -> 0 | P30: =F30+H30+J30+L30+N30 -> 0
A31: VFF0002(BK/YL,M43) | B31: VFF V-Run | C31: Black/Yellow | D31: M43 | E31: =SUMIFS('K Village'!$D:$D,'K Village'!$B:$B,$A31) -> 0 | G31: =SUMIFS('Central CL (Department)'!$BO:$BO,'Central CL (Department)'!$A:$A,$A31) -> 0 | I31: =SUMIFS('Siam Discovery'!$C:$C,'Siam Discovery'!$A:$A,$A31) -> 0 | K31: =SUMIFS('Paradise Park'!$C:$C,'Paradise Park'!$A:$A,$A31) -> 0 | M31: =SUMIFS('Central LP'!$D:$D,'Central LP'!$B:$B,$A31) -> 0 | O31: =E31+G31+I31+K31+M31 -> 0 | P31: =F31+H31+J31+L31+N31 -> 0
A32: VFF0002(BK/YL,M44) | B32: VFF V-Run | C32: Black/Yellow | D32: M44 | E32: =SUMIFS('K Village'!$D:$D,'K Village'!$B:$B,$A32) -> 0 | G32: =SUMIFS('Central CL (Department)'!$BO:$BO,'Central CL (Department)'!$A:$A,$A32) -> 0 | I32: =SUMIFS('Siam Discovery'!$C:$C,'Siam Discovery'!$A:$A,$A32) -> 0 | K32: =SUMIFS('Paradise Park'!$C:$C,'Paradise Park'!$A:$A,$A32) -> 0 | M32: =SUMIFS('Central LP'!$D:$D,'Central LP'!$B:$B,$A32) -> 0 | O32: =E32+G32+I32+K32+M32 -> 0 | P32: =F32+H32+J32+L32+N32 -> 0
A33: VFF0002(BK/YL,M45) | B33: VFF V-Run | C33: Black/Yellow | D33: M45 | E33: =SUMIFS('K Village'!$D:$D,'K Village'!$B:$B,$A33) -> 0 | G33: =SUMIFS('Central CL (Department)'!$BO:$BO,'Central CL (Department)'!$A:$A,$A33) -> 0 | I33: =SUMIFS('Siam Discovery'!$C:$C,'Siam Discovery'!$A:$A,$A33) -> 0 | K33: =SUMIFS('Paradise Park'!$C:$C,'Paradise Park'!$A:$A,$A33) -> 0 | M33: =SUMIFS('Central LP'!$D:$D,'Central LP'!$B:$B,$A33) -> 0 | O33: =E33+G33+I33+K33+M33 -> 0 | P33: =F33+H33+J33+L33+N33 -> 0
A34: VFF0002(BK/YL,M46) | B34: VFF V-Run | C34: Black/Yellow | D34: M46 | E34: =SUMIFS('K Village'!$D:$D,'K Village'!$B:$B,$A34) -> 0 | G34: =SUMIFS('Central CL (Department)'!$BO:$BO,'Central CL (Department)'!$A:$A,$A34) -> 0 | I34: =SUMIFS('Siam Discovery'!$C:$C,'Siam Discovery'!$A:$A,$A34) -> 0 | K34: =SUMIFS('Paradise Park'!$C:$C,'Paradise Park'!$A:$A,$A34) -> 0 | M34: =SUMIFS('Central LP'!$D:$D,'Central LP'!$B:$B,$A34) -> 0 | O34: =E34+G34+I34+K34+M34 -> 0 | P34: =F34+H34+J34+L34+N34 -> 0
A35: VFF0002(BK/YL,M47) | B35: VFF V-Run | C35: Black/Yellow | D35: M47 | E35: =SUMIFS('K Village'!$D:$D,'K Village'!$B:$B,$A35) -> 0 | G35: =SUMIFS('Central CL (Department)'!$BO:$BO,'Central CL (Department)'!$A:$A,$A35) -> 0 | I35: =SUMIFS('Siam Discovery'!$C:$C,'Siam Discovery'!$A:$A,$A35) -> 0 | K35: =SUMIFS('Paradise Park'!$C:$C,'Paradise Park'!$A:$A,$A35) -> 0 | M35: =SUMIFS('Central LP'!$D:$D,'Central LP'!$B:$B,$A35) -> 0 | O35: =E35+G35+I35+K35+M35 -> 0 | P35: =F35+H35+J35+L35+N35 -> 0
A36: VFF0002(BR/IV/BK,M39) | B36: VFF V-Run | C36: Brown Ivory/Black | D36: M39 | E36: =SUMIFS('K Village'!$D:$D,'K Village'!$B:$B,$A36) -> 1 | G36: =SUMIFS('Central CL (Department)'!$BO:$BO,'Central CL (Department)'!$A:$A,$A36) -> 0 | I36: =SUMIFS('Siam Discovery'!$C:$C,'Siam Discovery'!$A:$A,$A36) -> 0 | K36: =SUMIFS('Paradise Park'!$C:$C,'Paradise Park'!$A:$A,$A36) -> 0 | M36: =SUMIFS('Central LP'!$D:$D,'Central LP'!$B:$B,$A36) -> 0 | O36: =E36+G36+I36+K36+M36 -> 1 | P36: =F36+H36+J36+L36+N36 -> 0
A37: VFF0002(BR/IV/BK,M40) | B37: VFF V-Run | C37: Brown Ivory/Black | D37: M40 | E37: =SUMIFS('K Village'!$D:$D,'K Village'!$B:$B,$A37) -> 1 | G37: =SUMIFS('Central CL (Department)'!$BO:$BO,'Central CL (Department)'!$A:$A,$A37) -> 0 | I37: =SUMIFS('Siam Discovery'!$C:$C,'Siam Discovery'!$A:$A,$A37) -> 2 | K37: =SUMIFS('Paradise Park'!$C:$C,'Paradise Park'!$A:$A,$A37) -> 0 | M37: =SUMIFS('Central LP'!$D:$D,'Central LP'!$B:$B,$A37) -> 1 | O37: =E37+G37+I37+K37+M37 -> 4 | P37: =F37+H37+J37+L37+N37 -> 0
A38: VFF0002(BR/IV/BK,M41) | B38: VFF V-Run | C38: Brown Ivory/Black | D38: M41 | E38: =SUMIFS('K Village'!$D:$D,'K Village'!$B:$B,$A38) -> 1 | G38: =SUMIFS('Central CL (Department)'!$BO:$BO,'Central CL (Department)'!$A:$A,$A38) -> 0 | I38: =SUMIFS('Siam Discovery'!$C:$C,'Siam Discovery'!$A:$A,$A38) -> 2 | K38: =SUMIFS('Paradise Park'!$C:$C,'Paradise Park'!$A:$A,$A38) -> 4 | M38: =SUMIFS('Central LP'!$D:$D,'Central LP'!$B:$B,$A38) -> 1 | O38: =E38+G38+I38+K38+M38 -> 8 | P38: =F38+H38+J38+L38+N38 -> 0
A39: VFF0002(BR/IV/BK,M42) | B39: VFF V-Run | C39: Brown Ivory/Black | D39: M42 | E39: =SUMIFS('K Village'!$D:$D,'K Village'!$B:$B,$A39) -> 1 | G39: =SUMIFS('Central CL (Department)'!$BO:$BO,'Central CL (Department)'!$A:$A,$A39) -> 0 | I39: =SUMIFS('Siam Discovery'!$C:$C,'Siam Discovery'!$A:$A,$A39) -> 4 | K39: =SUMIFS('Paradise Park'!$C:$C,'Paradise Park'!$A:$A,$A39) -> 4 | M39: =SUMIFS('Central LP'!$D:$D,'Central LP'!$B:$B,$A39) -> 2 | O39: =E39+G39+I39+K39+M39 -> 11 | P39: =F39+H39+J39+L39+N39 -> 0
... A49: VFF0002(DPK,W37) | B49: VFF V-Run | C49: Dusty Pink | D49: W37 | E49: =SUMIFS('K Village'!$D:$D,'K Village'!$B:$B,$A49) -> 0 | G49: =SUMIFS('Central CL (Department)'!$BO:$BO,'Central CL (Department)'!$A:$A,$A49) -> 2 | I49: =SUMIFS('Siam Discovery'!$C:$C,'Siam Discovery'!$A:$A,$A49) -> 1 | K49: =SUMIFS('Paradise Park'!$C:$C,'Paradise Park'!$A:$A,$A49) -> 1 | M49: =SUMIFS('Central LP'!$D:$D,'Central LP'!$B:$B,$A49) -> 1 | O49: =E49+G49+I49+K49+M49 -> 5 | P49: =F49+H49+J49+L49+N49 -> 0
A50: VFF0002(DPK,W38) | B50: VFF V-Run | C50: Dusty Pink | D50: W38 | E50: =SUMIFS('K Village'!$D:$D,'K Village'!$B:$B,$A50) -> 2 | G50: =SUMIFS('Central CL (Department)'!$BO:$BO,'Central CL (Department)'!$A:$A,$A50) -> 1 | I50: 0 | K50: =SUMIFS('Paradise Park'!$C:$C,'Paradise Park'!$A:$A,$A50) -> 5 | M50: =SUMIFS('Central LP'!$D:$D,'Central LP'!$B:$B,$A50) -> 1 | O50: =E50+G50+I50+K50+M50 -> 9 | P50: =F50+H50+J50+L50+N50 -> 0
A51: VFF0002(DPK,W39) | B51: VFF V-Run | C51: Dusty Pink | D51: W39 | E51: =SUMIFS('K Village'!$D:$D,'K Village'!$B:$B,$A51) -> 2 | G51: =SUMIFS('Central CL (Department)'!$BO:$BO,'Central CL (Department)'!$A:$A,$A51) -> 1 | I51: =SUMIFS('Siam Discovery'!$C:$C,'Siam Discovery'!$A:$A,$A51) -> 2 | K51: =SUMIFS('Paradise Park'!$C:$C,'Paradise Park'!$A:$A,$A51) -> 4 | M51: =SUMIFS('Central LP'!$D:$D,'Central LP'!$B:$B,$A51) -> 2 | O51: =E51+G51+I51+K51+M51 -> 11 | P51: =F51+H51+J51+L51+N51 -> 0
A52: VFF0002(DPK,W40) | B52: VFF V-Run | C52: Dusty Pink | D52: W40 | E52: =SUMIFS('K Village'!$D:$D,'K Village'!$B:$B,$A52) -> 2 | G52: =SUMIFS('Central CL (Department)'!$BO:$BO,'Central CL (Department)'!$A:$A,$A52) -> 2 | I52: =SUMIFS('Siam Discovery'!$C:$C,'Siam Discovery'!$A:$A,$A52) -> 1 | K52: =SUMIFS('Paradise Park'!$C:$C,'Paradise Park'!$A:$A,$A52) -> 3 | M52: =SUMIFS('Central LP'!$D:$D,'Central LP'!$B:$B,$A52) -> 1 | O52: =E52+G52+I52+K52+M52 -> 9 | P52: =F52+H52+J52+L52+N52 -> 0
A53: VFF0002(DPK,W41) | B53: VFF V-Run | C53: Dusty Pink | D53: W41 | E53: =SUMIFS('K Village'!$D:$D,'K Village'!$B:$B,$A53) -> 1 | G53: =SUMIFS('Central CL (Department)'!$BO:$BO,'Central CL (Department)'!$A:$A,$A53) -> 0 | I53: =SUMIFS('Siam Discovery'!$C:$C,'Siam Discovery'!$A:$A,$A53) -> 0 | K53: =SUMIFS('Paradise Park'!$C:$C,'Paradise Park'!$A:$A,$A53) -> 2 | M53: =SUMIFS('Central LP'!$D:$D,'Central LP'!$B:$B,$A53) -> 0 | O53: =E53+G53+I53+K53+M53 -> 3 | P53: =F53+H53+J53+L53+N53 -> 0
A54: VFF0002(F/IV/GN,M40) | B54: VFF V-Run | C54: Fig/Ivory/A.Green | D54: M40 | E54: =SUMIFS('K Village'!$D:$D,'K Village'!$B:$B,$A54) -> 0 | G54: =SUMIFS('Central CL (Department)'!$BO:$BO,'Central CL (Department)'!$A:$A,$A54) -> 0 | I54: =SUMIFS('Siam Discovery'!$C:$C,'Siam Discovery'!$A:$A,$A54) -> 0 | K54: =SUMIFS('Paradise Park'!$C:$C,'Paradise Park'!$A:$A,$A54) -> 3 | M54: =SUMIFS('Central LP'!$D:$D,'Central LP'!$B:$B,$A54) -> 0 | O54: =E54+G54+I54+K54+M54 -> 3 | P54: =F54+H54+J54+L54+N54 -> 0
A55: VFF0002(F/IV/GN,M41) | B55: VFF V-Run | C55: Fig/Ivory/A.Green | D55: M41 | E55: =SUMIFS('K Village'!$D:$D,'K Village'!$B:$B,$A55) -> 2 | G55: =SUMIFS('Central CL (Department)'!$BO:$BO,'Central CL (Department)'!$A:$A,$A55) -> 0 | I55: =SUMIFS('Siam Discovery'!$C:$C,'Siam Discovery'!$A:$A,$A55) -> 0 | K55: =SUMIFS('Paradise Park'!$C:$C,'Paradise Park'!$A:$A,$A55) -> 3 | M55: =SUMIFS('Central LP'!$D:$D,'Central LP'!$B:$B,$A55) -> 0 | O55: =E55+G55+I55+K55+M55 -> 5 | P55: =F55+H55+J55+L55+N55 -> 0
A56: VFF0002(F/IV/GN,M42) | B56: VFF V-Run | C56: Fig/Ivory/A.Green | D56: M42 | E56: =SUMIFS('K Village'!$D:$D,'K Village'!$B:$B,$A56) -> 1 | G56: =SUMIFS('Central CL (Department)'!$BO:$BO,'Central CL (Department)'!$A:$A,$A56) -> 0 | I56: =SUMIFS('Siam Discovery'!$C:$C,'Siam Discovery'!$A:$A,$A56) -> 0 | K56: =SUMIFS('Paradise Park'!$C:$C,'Paradise Park'!$A:$A,$A56) -> 5 | M56: =SUMIFS('Central LP'!$D:$D,'Central LP'!$B:$B,$A56) -> 0 | O56: =E56+G56+I56+K56+M56 -> 6 | P56: =F56+H56+J56+L56+N56 -> 0
A57: VFF0002(F/IV/GN,M43) | B57: VFF V-Run | C57: Fig/Ivory/A.Green | D57: M43 | E57: =SUMIFS('K Village'!$D:$D,'K Village'!$B:$B,$A57) -> 2 | G57: =SUMIFS('Central CL (Department)'!$BO:$BO,'Central CL (Department)'!$A:$A,$A57) -> 0 | I57: =SUMIFS('Siam Discovery'!$C:$C,'Siam Discovery'!$A:$A,$A57) -> 0 | K57: =SUMIFS('Paradise Park'!$C:$C,'Paradise Park'!$A:$A,$A57) -> 1 | M57: =SUMIFS('Central LP'!$D:$D,'Central LP'!$B:$B,$A57) -> 0 | O57: =E57+G57+I57+K57+M57 -> 3 | P57: =F57+H57+J57+L57+N57 -> 0
A58: VFF0002(F/IV/GN,M44) | B58: VFF V-Run | C58: Fig/Ivory/A.Green | D58: M44 | E58: =SUMIFS('K Village'!$D:$D,'K Village'!$B:$B,$A58) -> 1 | G58: =SUMIFS('Central CL (Department)'!$BO:$BO,'Central CL (Department)'!$A:$A,$A58) -> 0 | I58: =SUMIFS('Siam Discovery'!$C:$C,'Siam Discovery'!$A:$A,$A58) -> 0 | K58: =SUMIFS('Paradise Park'!$C:$C,'Paradise Park'!$A:$A,$A58) -> 2 | M58: =SUMIFS('Central LP'!$D:$D,'Central LP'!$B:$B,$A58) -> 0 | O58: =E58+G58+I58+K58+M58 -> 3 | P58: =F58+H58+J58+L58+N58 -> 0
A59: VFF0002(F/IV/GN,M45) | B59: VFF V-Run | C59: Fig/Ivory/A.Green | D59: M45 | E59: =SUMIFS('K Village'!$D:$D,'K Village'!$B:$B,$A59) -> 2 | G59: =SUMIFS('Central CL (Department)'!$BO:$BO,'Central CL (Department)'!$A:$A,$A59) -> 0 | I59: =SUMIFS('Siam Discovery'!$C:$C,'Siam Discovery'!$A:$A,$A59) -> 0 | K59: =SUMIFS('Paradise Park'!$C:$C,'Paradise Park'!$A:$A,$A59) -> 1 | M59: =SUMIFS('Central LP'!$D:$D,'Central LP'!$B:$B,$A59) -> 0 | O59: =E59+G59+I59+K59+M59 -> 3 | P59: =F59+H59+J59+L59+N59 -> 0
A60: VFF0002(F/IV/GN,M46) | B60: VFF V-Run | C60: Fig/Ivory/A.Green | D60: M46 | E60: =SUMIFS('K Village'!$D:$D,'K Village'!$B:$B,$A60) -> 2 | G60: =SUMIFS('Central CL (Department)'!$BO:$BO,'Central CL (Department)'!$A:$A,$A60) -> 0 | I60: =SUMIFS('Siam Discovery'!$C:$C,'Siam Discovery'!$A:$A,$A60) -> 0 | K60: =SUMIFS('Paradise Park'!$C:$C,'Paradise Park'!$A:$A,$A60) -> 1 | M60: =SUMIFS('Central LP'!$D:$D,'Central LP'!$B:$B,$A60) -> 0 | O60: =E60+G60+I60+K60+M60 -> 3 | P60: =F60+H60+J60+L60+N60 -> 0
A61: VFF0002(LI/BL,W37) | B61: VFF V-Run | C61: Lime/Blue | D61: W37 | E61: =SUMIFS('K Village'!$D:$D,'K Village'!$B:$B,$A61) -> 0 | G61: =SUMIFS('Central CL (Department)'!$BO:$BO,'Central CL (Department)'!$A:$A,$A61) -> 0 | I61: =SUMIFS('Siam Discovery'!$C:$C,'Siam Discovery'!$A:$A,$A61) -> 0 | K61: =SUMIFS('Paradise Park'!$C:$C,'Paradise Park'!$A:$A,$A61) -> 0 | M61: =SUMIFS('Central LP'!$D:$D,'Central LP'!$B:$B,$A61) -> 0 | O61: =E61+G61+I61+K61+M61 -> 0 | P61: =F61+H61+J61+L61+N61 -> 0
A62: VFF0002(LI/BL,W38) | B62: VFF V-Run | C62: Lime/Blue | D62: W38 | E62: =SUMIFS('K Village'!$D:$D,'K Village'!$B:$B,$A62) -> 0 | G62: =SUMIFS('Central CL (Department)'!$BO:$BO,'Central CL (Department)'!$A:$A,$A62) -> 0 | I62: =SUMIFS('Siam Discovery'!$C:$C,'Siam Discovery'!$A:$A,$A62) -> 0 | K62: =SUMIFS('Paradise Park'!$C:$C,'Paradise Park'!$A:$A,$A62) -> 0 | M62: =SUMIFS('Central LP'!$D:$D,'Central LP'!$B:$B,$A62) -> 0 | O62: =E62+G62+I62+K62+M62 -> 0 | P62: =F62+H62+J62+L62+N62 -> 0
... A65: VFF0002(TT/BK,M40) | B65: VFF V-Run | C65: Total Black | D65: M40 | E65: =SUMIFS('K Village'!$D:$D,'K Village'!$B:$B,$A65) -> 0 | G65: =SUMIFS('Central CL (Department)'!$BO:$BO,'Central CL (Department)'!$A:$A,$A65) -> 0 | I65: =SUMIFS('Siam Discovery'!$C:$C,'Siam Discovery'!$A:$A,$A65) -> 0 | K65: =SUMIFS('Paradise Park'!$C:$C,'Paradise Park'!$A:$A,$A65) -> 0 | M65: =SUMIFS('Central LP'!$D:$D,'Central LP'!$B:$B,$A65) -> 1 | O65: =E65+G65+I65+K65+M65 -> 1 | P65: =F65+H65+J65+L65+N65 -> 0
A66: VFF0002(TT/BK,M41) | B66: VFF V-Run | C66: Total Black | D66: M41 | E66: =SUMIFS('K Village'!$D:$D,'K Village'!$B:$B,$A66) -> 2 | G66: =SUMIFS('Central CL (Department)'!$BO:$BO,'Central CL (Department)'!$A:$A,$A66) -> 0 | I66: =SUMIFS('Siam Discovery'!$C:$C,'Siam Discovery'!$A:$A,$A66) -> 1 | K66: 2 | M66: =SUMIFS('Central LP'!$D:$D,'Central LP'!$B:$B,$A66) -> 3 | O66: =E66+G66+I66+K66+M66 -> 8 | P66: =F66+H66+J66+L66+N66 -> 0
A67: VFF0002(TT/BK,M42) | B67: VFF V-Run | C67: Total Black | D67: M42 | E67: =SUMIFS('K Village'!$D:$D,'K Village'!$B:$B,$A67) -> 0 | G67: =SUMIFS('Central CL (Department)'!$BO:$BO,'Central CL (Department)'!$A:$A,$A67) -> 3 | I67: =SUMIFS('Siam Discovery'!$C:$C,'Siam Discovery'!$A:$A,$A67) -> 1 | K67: =SUMIFS('Paradise Park'!$C:$C,'Paradise Park'!$A:$A,$A67) -> 4 | M67: =SUMIFS('Central LP'!$D:$D,'Central LP'!$B:$B,$A67) -> 1 | O67: =E67+G67+I67+K67+M67 -> 9 | P67: =F67+H67+J67+L67+N67 -> 0
A68: VFF0002(TT/BK,M43) | B68: VFF V-Run | C68: Total Black | D68: M43 | E68: =SUMIFS('K Village'!$D:$D,'K Village'!$B:$B,$A68) -> 2 | G68: =SUMIFS('Central CL (Department)'!$BO:$BO,'Central CL (Department)'!$A:$A,$A68) -> 0 | I68: =SUMIFS('Siam Discovery'!$C:$C,'Siam Discovery'!$A:$A,$A68) -> 0 | K68: =SUMIFS('Paradise Park'!$C:$C,'Paradise Park'!$A:$A,$A68) -> 2 | M68: =SUMIFS('Central LP'!$D:$D,'Central LP'!$B:$B,$A68) -> 1 | O68: =E68+G68+I68+K68+M68 -> 5 | P68: =F68+H68+J68+L68+N68 -> 0
A69: VFF0002(TT/BK,M44) | B69: VFF V-Run | C69: Total Black | D69: M44 | E69: =SUMIFS('K Village'!$D:$D,'K Village'!$B:$B,$A69) -> 0 | G69: =SUMIFS('Central CL (Department)'!$BO:$BO,'Central CL (Department)'!$A:$A,$A69) -> 0 | I69: =SUMIFS('Siam Discovery'!$C:$C,'Siam Discovery'!$A:$A,$A69) -> 0 | K69: =SUMIFS('Paradise Park'!$C:$C,'Paradise Park'!$A:$A,$A69) -> 0 | M69: =SUMIFS('Central LP'!$D:$D,'Central LP'!$B:$B,$A69) -> 1 | O69: =E69+G69+I69+K69+M69 -> 1 | P69: =F69+H69+J69+L69+N69 -> 0
A70: VFF0002(TT/BK,M45) | B70: VFF V-Run | C70: Total Black | D70: M45 | E70: =SUMIFS('K Village'!$D:$D,'K Village'!$B:$B,$A70) -> 2 | G70: =SUMIFS('Central CL (Department)'!$BO:$BO,'Central CL (Department)'!$A:$A,$A70) -> 0 | I70: =SUMIFS('Siam Discovery'!$C:$C,'Siam Discovery'!$A:$A,$A70) -> 0 | K70: =SUMIFS('Paradise Park'!$C:$C,'Paradise Park'!$A:$A,$A70) -> 0 | M70: =SUMIFS('Central LP'!$D:$D,'Central LP'!$B:$B,$A70) -> 1 | O70: =E70+G70+I70+K70+M70 -> 3 | P70: =F70+H70+J70+L70+N70 -> 0
A71: VFF0002(TT/BK,M46) | B71: VFF V-Run | C71: Total Black | D71: M46 | E71: =SUMIFS('K Village'!$D:$D,'K Village'!$B:$B,$A71) -> 1 | G71: =SUMIFS('Central CL (Department)'!$BO:$BO,'Central CL (Department)'!$A:$A,$A71) -> 0 | I71: =SUMIFS('Siam Discovery'!$C:$C,'Siam Discovery'!$A:$A,$A71) -> 0 | K71: =SUMIFS('Paradise Park'!$C:$C,'Paradise Park'!$A:$A,$A71) -> 3 | M71: =SUMIFS('Central LP'!$D:$D,'Central LP'!$B:$B,$A71) -> 1 | O71: =E71+G71+I71+K71+M71 -> 5 | P71: =F71+H71+J71+L71+N71 -> 0
A72: VFF0002(TT/BK,M47) | B72: VFF V-Run | C72: Total Black | D72: M47 | E72: =SUMIFS('K Village'!$D:$D,'K Village'!$B:$B,$A72) -> 1 | G72: =SUMIFS('Central CL (Department)'!$BO:$BO,'Central CL (Department)'!$A:$A,$A72) -> 0 | I72: =SUMIFS('Siam Discovery'!$C:$C,'Siam Discovery'!$A:$A,$A72) -> 0 | K72: =SUMIFS('Paradise Park'!$C:$C,'Paradise Park'!$A:$A,$A72) -> 1 | M72: =SUMIFS('Central LP'!$D:$D,'Central LP'!$B:$B,$A72) -> 2 | O72: =E72+G72+I72+K72+M72 -> 4 | P72: =F72+H72+J72+L72+N72 -> 0
A73: VFF0002(TT/BK,M48) | B73: VFF V-Run | C73: Total Black | D73: M48 | E73: =SUMIFS('K Village'!$D:$D,'K Village'!$B:$B,$A73) -> 2 | G73: =SUMIFS('Central CL (Department)'!$BO:$BO,'Central CL (Department)'!$A:$A,$A73) -> 0 | I73: =SUMIFS('Siam Discovery'!$C:$C,'Siam Discovery'!$A:$A,$A73) -> 0 | K73: =SUMIFS('Paradise Park'!$C:$C,'Paradise Park'!$A:$A,$A73) -> 0 | M73: =SUMIFS('Central LP'!$D:$D,'Central LP'!$B:$B,$A73) -> 1 | O73: =E73+G73+I73+K73+M73 -> 3 | P73: =F73+H73+J73+L73+N73 -> 0
A74: VFF0002(TT/IV,M40) | B74: VFF V-Run | C74: Total Ivory | D74: M40 | E74: =SUMIFS('K Village'!$D:$D,'K Village'!$B:$B,$A74) -> 2 | G74: =SUMIFS('Central CL (Department)'!$BO:$BO,'Central CL (Department)'!$A:$A,$A74) -> 0 | I74: =SUMIFS('Siam Discovery'!$C:$C,'Siam Discovery'!$A:$A,$A74) -> 0 | K74: =SUMIFS('Paradise Park'!$C:$C,'Paradise Park'!$A:$A,$A74) -> 0 | M74: =SUMIFS('Central LP'!$D:$D,'Central LP'!$B:$B,$A74) -> 1 | O74: =E74+G74+I74+K74+M74 -> 3 | P74: =F74+H74+J74+L74+N74 -> 0
A75: VFF0002(TT/IV,M41) | B75: VFF V-Run | C75: Total Ivory | D75: M41 | E75: =SUMIFS('K Village'!$D:$D,'K Village'!$B:$B,$A75) -> 3 | G75: =SUMIFS('Central CL (Department)'!$BO:$BO,'Central CL (Department)'!$A:$A,$A75) -> 0 | I75: =SUMIFS('Siam Discovery'!$C:$C,'Siam Discovery'!$A:$A,$A75) -> 0 | K75: =SUMIFS('Paradise Park'!$C:$C,'Paradise Park'!$A:$A,$A75) -> 1 | M75: =SUMIFS('Central LP'!$D:$D,'Central LP'!$B:$B,$A75) -> 1 | O75: =E75+G75+I75+K75+M75 -> 5 | P75: =F75+H75+J75+L75+N75 -> 0
A76: VFF0002(TT/IV,M42) | B76: VFF V-Run | C76: Total Ivory | D76: M42 | E76: =SUMIFS('K Village'!$D:$D,'K Village'!$B:$B,$A76) -> 1 | G76: =SUMIFS('Central CL (Department)'!$BO:$BO,'Central CL (Department)'!$A:$A,$A76) -> 0 | I76: =SUMIFS('Siam Discovery'!$C:$C,'Siam Discovery'!$A:$A,$A76) -> 0 | K76: =SUMIFS('Paradise Park'!$C:$C,'Paradise Park'!$A:$A,$A76) -> 2 | M76: =SUMIFS('Central LP'!$D:$D,'Central LP'!$B:$B,$A76) -> 1 | O76: =E76+G76+I76+K76+M76 -> 4 | P76: =F76+H76+J76+L76+N76 -> 0
A77: VFF0002(TT/IV,M43) | B77: VFF V-Run | C77: Total Ivory | D77: M43 | E77: =SUMIFS('K Village'!$D:$D,'K Village'!$B:$B,$A77) -> 1 | G77: =SUMIFS('Central CL (Department)'!$BO:$BO,'Central CL (Department)'!$A:$A,$A77) -> 0 | I77: =SUMIFS('Siam Discovery'!$C:$C,'Siam Discovery'!$A:$A,$A77) -> 0 | K77: =SUMIFS('Paradise Park'!$C:$C,'Paradise Park'!$A:$A,$A77) -> 2 | M77: =SUMIFS('Central LP'!$D:$D,'Central LP'!$B:$B,$A77) -> 2 | O77: =E77+G77+I77+K77+M77 -> 5 | P77: =F77+H77+J77+L77+N77 -> 0
A78: VFF0002(TT/IV,M44) | B78: VFF V-Run | C78: Total Ivory | D78: M44 | E78: =SUMIFS('K Village'!$D:$D,'K Village'!$B:$B,$A78) -> 2 | G78: =SUMIFS('Central CL (Department)'!$BO:$BO,'Central CL (Department)'!$A:$A,$A78) -> 0 | I78: =SUMIFS('Siam Discovery'!$C:$C,'Siam Discovery'!$A:$A,$A78) -> 0 | K78: =SUMIFS('Paradise Park'!$C:$C,'Paradise Park'!$A:$A,$A78) -> 2 | M78: =SUMIFS('Central LP'!$D:$D,'Central LP'!$B:$B,$A78) -> 0 | O78: =E78+G78+I78+K78+M78 -> 4 | P78: =F78+H78+J78+L78+N78 -> 0
... A130: VFF0008(BK26,W36) | B130: VFF V-Soul 26 | C130: Black | D130: W36 | E130: =SUMIFS('K Village'!$D:$D,'K Village'!$B:$B,$A130) -> 2 | G130: =SUMIFS('Central CL (Department)'!$BO:$BO,'Central CL (Department)'!$A:$A,$A130) -> 0 | I130: =SUMIFS('Siam Discovery'!$C:$C,'Siam Discovery'!$A:$A,$A130) -> 1 | K130: =SUMIFS('Paradise Park'!$C:$C,'Paradise Park'!$A:$A,$A130) -> 3 | M130: =SUMIFS('Central LP'!$D:$D,'Central LP'!$B:$B,$A130) -> 1 | O130: =E130+G130+I130+K130+M130 -> 7 | P130: =F130+H130+J130+L130+N130 -> 0
A131: VFF0008(BK26,W37) | B131: VFF V-Soul 26 | C131: Black | D131: W37 | E131: 1 | G131: =SUMIFS('Central CL (Department)'!$BO:$BO,'Central CL (Department)'!$A:$A,$A131) -> 0 | I131: =SUMIFS('Siam Discovery'!$C:$C,'Siam Discovery'!$A:$A,$A131) -> 6 | K131: =SUMIFS('Paradise Park'!$C:$C,'Paradise Park'!$A:$A,$A131) -> 3 | M131: =SUMIFS('Central LP'!$D:$D,'Central LP'!$B:$B,$A131) -> 3 | O131: =E131+G131+I131+K131+M131 -> 13 | P131: =F131+H131+J131+L131+N131 -> 0
A132: VFF0008(BK26,W38) | B132: VFF V-Soul 26 | C132: Black | D132: W38 | E132: =SUMIFS('K Village'!$D:$D,'K Village'!$B:$B,$A132) -> 2 | G132: =SUMIFS('Central CL (Department)'!$BO:$BO,'Central CL (Department)'!$A:$A,$A132) -> 0 | I132: =SUMIFS('Siam Discovery'!$C:$C,'Siam Discovery'!$A:$A,$A132) -> 7 | K132: =SUMIFS('Paradise Park'!$C:$C,'Paradise Park'!$A:$A,$A132) -> 0 | M132: =SUMIFS('Central LP'!$D:$D,'Central LP'!$B:$B,$A132) -> 3 | O132: =E132+G132+I132+K132+M132 -> 12 | P132: =F132+H132+J132+L132+N132 -> 0
A133: VFF0008(BK26,W39) | B133: VFF V-Soul 26 | C133: Black | D133: W39 | E133: =SUMIFS('K Village'!$D:$D,'K Village'!$B:$B,$A133) -> 3 | G133: =SUMIFS('Central CL (Department)'!$BO:$BO,'Central CL (Department)'!$A:$A,$A133) -> 0 | I133: =SUMIFS('Siam Discovery'!$C:$C,'Siam Discovery'!$A:$A,$A133) -> 7 | K133: =SUMIFS('Paradise Park'!$C:$C,'Paradise Park'!$A:$A,$A133) -> 2 | M133: =SUMIFS('Central LP'!$D:$D,'Central LP'!$B:$B,$A133) -> 3 | O133: =E133+G133+I133+K133+M133 -> 15 | P133: =F133+H133+J133+L133+N133 -> 0
A134: VFF0008(BK26,W40) | B134: VFF V-Soul | C134: Black | D134: W40 | E134: =SUMIFS('K Village'!$D:$D,'K Village'!$B:$B,$A134) -> 0 | G134: =SUMIFS('Central CL (Department)'!$BO:$BO,'Central CL (Department)'!$A:$A,$A134) -> 0 | I134: =SUMIFS('Siam Discovery'!$C:$C,'Siam Discovery'!$A:$A,$A134) -> 3 | K134: =SUMIFS('Paradise Park'!$C:$C,'Paradise Park'!$A:$A,$A134) -> 4 | M134: =SUMIFS('Central LP'!$D:$D,'Central LP'!$B:$B,$A134) -> 2 | O134: =E134+G134+I134+K134+M134 -> 9 | P134: =F134+H134+J134+L134+N134 -> 0
A135: VFF0008(BK26,W41) | B135: VFF V-Soul 26 | C135: Black | D135: W41 | E135: =SUMIFS('K Village'!$D:$D,'K Village'!$B:$B,$A135) -> 2 | G135: =SUMIFS('Central CL (Department)'!$BO:$BO,'Central CL (Department)'!$A:$A,$A135) -> 0 | I135: =SUMIFS('Siam Discovery'!$C:$C,'Siam Discovery'!$A:$A,$A135) -> 4 | K135: =SUMIFS('Paradise Park'!$C:$C,'Paradise Park'!$A:$A,$A135) -> 2 | M135: =SUMIFS('Central LP'!$D:$D,'Central LP'!$B:$B,$A135) -> 1 | O135: =E135+G135+I135+K135+M135 -> 9 | P135: =F135+H135+J135+L135+N135 -> 0
A136: VFF0008(BK26,W42) | B136: VFF V-Soul | C136: Black | D136: W42 | E136: =SUMIFS('K Village'!$D:$D,'K Village'!$B:$B,$A136) -> 0 | G136: =SUMIFS('Central CL (Department)'!$BO:$BO,'Central CL (Department)'!$A:$A,$A136) -> 0 | I136: =SUMIFS('Siam Discovery'!$C:$C,'Siam Discovery'!$A:$A,$A136) -> 0 | K136: =SUMIFS('Paradise Park'!$C:$C,'Paradise Park'!$A:$A,$A136) -> 1 | M136: =SUMIFS('Central LP'!$D:$D,'Central LP'!$B:$B,$A136) -> 2 | O136: =E136+G136+I136+K136+M136 -> 3 | P136: =F136+H136+J136+L136+N136 -> 0
A137: VFF0008(BK26,W43) | B137: VFF V-Soul 26 | C137: Black | D137: W43 | E137: =SUMIFS('K Village'!$D:$D,'K Village'!$B:$B,$A137) -> 1 | G137: =SUMIFS('Central CL (Department)'!$BO:$BO,'Central CL (Department)'!$A:$A,$A137) -> 0 | I137: =SUMIFS('Siam Discovery'!$C:$C,'Siam Discovery'!$A:$A,$A137) -> 0 | K137: =SUMIFS('Paradise Park'!$C:$C,'Paradise Park'!$A:$A,$A137) -> 0 | M137: =SUMIFS('Central LP'!$D:$D,'Central LP'!$B:$B,$A137) -> 0 | O137: =E137+G137+I137+K137+M137 -> 1 | P137: =F137+H137+J137+L137+N137 -> 0
A138: VFF0008(BR,W37) | B138: VFF V-Soul | C138: Brown | D138: W37 | E138: =SUMIFS('K Village'!$D:$D,'K Village'!$B:$B,$A138) -> 0 | G138: =SUMIFS('Central CL (Department)'!$BO:$BO,'Central CL (Department)'!$A:$A,$A138) -> 0 | I138: =SUMIFS('Siam Discovery'!$C:$C,'Siam Discovery'!$A:$A,$A138) -> 0 | K138: =SUMIFS('Paradise Park'!$C:$C,'Paradise Park'!$A:$A,$A138) -> 0 | M138: =SUMIFS('Central LP'!$D:$D,'Central LP'!$B:$B,$A138) -> 0 | O138: =E138+G138+I138+K138+M138 -> 0 | P138: =F138+H138+J138+L138+N138 -> 0
A139: VFF0008(BR,W38) | B139: VFF V-Soul | C139: Brown | D139: W38 | E139: =SUMIFS('K Village'!$D:$D,'K Village'!$B:$B,$A139) -> 0 | G139: =SUMIFS('Central CL (Department)'!$BO:$BO,'Central CL (Department)'!$A:$A,$A139) -> 0 | I139: =SUMIFS('Siam Discovery'!$C:$C,'Siam Discovery'!$A:$A,$A139) -> 0 | K139: =SUMIFS('Paradise Park'!$C:$C,'Paradise Park'!$A:$A,$A139) -> 0 | M139: =SUMIFS('Central LP'!$D:$D,'Central LP'!$B:$B,$A139) -> 0 | O139: =E139+G139+I139+K139+M139 -> 0 | P139: =F139+H139+J139+L139+N139 -> 0
A140: VFF0008(BR,W39) | B140: VFF V-Soul | C140: Brown | D140: W39 | E140: =SUMIFS('K Village'!$D:$D,'K Village'!$B:$B,$A140) -> 0 | G140: =SUMIFS('Central CL (Department)'!$BO:$BO,'Central CL (Department)'!$A:$A,$A140) -> 0 | I140: =SUMIFS('Siam Discovery'!$C:$C,'Siam Discovery'!$A:$A,$A140) -> 0 | K140: =SUMIFS('Paradise Park'!$C:$C,'Paradise Park'!$A:$A,$A140) -> 3 | M140: =SUMIFS('Central LP'!$D:$D,'Central LP'!$B:$B,$A140) -> 0 | O140: =E140+G140+I140+K140+M140 -> 3 | P140: =F140+H140+J140+L140+N140 -> 0
A141: VFF0008(BR,W40) | B141: VFF V-Soul | C141: Brown | D141: W40 | E141: =SUMIFS('K Village'!$D:$D,'K Village'!$B:$B,$A141) -> 3 | G141: =SUMIFS('Central CL (Department)'!$BO:$BO,'Central CL (Department)'!$A:$A,$A141) -> 0 | I141: =SUMIFS('Siam Discovery'!$C:$C,'Siam Discovery'!$A:$A,$A141) -> 0 | K141: =SUMIFS('Paradise Park'!$C:$C,'Paradise Park'!$A:$A,$A141) -> 1 | M141: =SUMIFS('Central LP'!$D:$D,'Central LP'!$B:$B,$A141) -> 0 | O141: =E141+G141+I141+K141+M141 -> 4 | P141: =F141+H141+J141+L141+N141 -> 0
A142: VFF0008(BR,W41) | B142: VFF V-Soul | C142: Brown | D142: W41 | E142: =SUMIFS('K Village'!$D:$D,'K Village'!$B:$B,$A142) -> 3 | G142: =SUMIFS('Central CL (Department)'!$BO:$BO,'Central CL (Department)'!$A:$A,$A142) -> 0 | I142: =SUMIFS('Siam Discovery'!$C:$C,'Siam Discovery'!$A:$A,$A142) -> 0 | K142: =SUMIFS('Paradise Park'!$C:$C,'Paradise Park'!$A:$A,$A142) -> 2 | M142: =SUMIFS('Central LP'!$D:$D,'Central LP'!$B:$B,$A142) -> 0 | O142: =E142+G142+I142+K142+M142 -> 5 | P142: =F142+H142+J142+L142+N142 -> 0
A143: VFF0008(F/GN,W37) | B143: VFF V-Soul | C143: Fig/A. Green | D143: W37 | E143: =SUMIFS('K Village'!$D:$D,'K Village'!$B:$B,$A143) -> 1 | G143: =SUMIFS('Central CL (Department)'!$BO:$BO,'Central CL (Department)'!$A:$A,$A143) -> 0 | I143: =SUMIFS('Siam Discovery'!$C:$C,'Siam Discovery'!$A:$A,$A143) -> 0 | K143: =SUMIFS('Paradise Park'!$C:$C,'Paradise Park'!$A:$A,$A143) -> 1 | M143: =SUMIFS('Central LP'!$D:$D,'Central LP'!$B:$B,$A143) -> 1 | O143: =E143+G143+I143+K143+M143 -> 3 | P143: =F143+H143+J143+L143+N143 -> 0
A144: VFF0008(F/GN,W38) | B144: VFF V-Soul | C144: Fig/A. Green | D144: W38 | E144: =SUMIFS('K Village'!$D:$D,'K Village'!$B:$B,$A144) -> 0 | G144: =SUMIFS('Central CL (Department)'!$BO:$BO,'Central CL (Department)'!$A:$A,$A144) -> 0 | I144: =SUMIFS('Siam Discovery'!$C:$C,'Siam Discovery'!$A:$A,$A144) -> 0 | K144: 0 | M144: =SUMIFS('Central LP'!$D:$D,'Central LP'!$B:$B,$A144) -> 0 | O144: =E144+G144+I144+K144+M144 -> 0 | P144: =F144+H144+J144+L144+N144 -> 0
A145: VFF0008(F/GN,W40) | B145: VFF V-Soul | C145: Fig/A. Green | D145: W40 | E145: =SUMIFS('K Village'!$D:$D,'K Village'!$B:$B,$A145) -> 2 | G145: =SUMIFS('Central CL (Department)'!$BO:$BO,'Central CL (Department)'!$A:$A,$A145) -> 0 | I145: =SUMIFS('Siam Discovery'!$C:$C,'Siam Discovery'!$A:$A,$A145) -> 0 | K145: =SUMIFS('Paradise Park'!$C:$C,'Paradise Park'!$A:$A,$A145) -> 0 | M145: =SUMIFS('Central LP'!$D:$D,'Central LP'!$B:$B,$A145) -> 2 | O145: =E145+G145+I145+K145+M145 -> 4 | P145: =F145+H145+J145+L145+N145 -> 0
A146: VFF0008(F/GN,W41) | B146: VFF V-Soul | C146: Fig/A. Green | D146: W41 | E146: 5 | G146: =SUMIFS('Central CL (Department)'!$BO:$BO,'Central CL (Department)'!$A:$A,$A146) -> 0 | I146: =SUMIFS('Siam Discovery'!$C:$C,'Siam Discovery'!$A:$A,$A146) -> 0 | K146: =SUMIFS('Paradise Park'!$C:$C,'Paradise Park'!$A:$A,$A146) -> 1 | M146: =SUMIFS('Central LP'!$D:$D,'Central LP'!$B:$B,$A146) -> 0 | O146: =E146+G146+I146+K146+M146 -> 6 | P146: =F146+H146+J146+L146+N146 -> 0
A147: VFF0008(FU,W36) | B147: VFF V-Soul | C147: Fuchsia | D147: W36 | E147: =SUMIFS('K Village'!$D:$D,'K Village'!$B:$B,$A147) -> 0 | G147: =SUMIFS('Central CL (Department)'!$BO:$BO,'Central CL (Department)'!$A:$A,$A147) -> 1 | I147: =SUMIFS('Siam Discovery'!$C:$C,'Siam Discovery'!$A:$A,$A147) -> 0 | K147: =SUMIFS('Paradise Park'!$C:$C,'Paradise Park'!$A:$A,$A147) -> 5 | M147: =SUMIFS('Central LP'!$D:$D,'Central LP'!$B:$B,$A147) -> 2 | O147: =E147+G147+I147+K147+M147 -> 8 | P147: =F147+H147+J147+L147+N147 -> 0
A148: VFF0008(FU,W37) | B148: VFF V-Soul | C148: Fuchsia | D148: W37 | E148: =SUMIFS('K Village'!$D:$D,'K Village'!$B:$B,$A148) -> 2 | G148: =SUMIFS('Central CL (Department)'!$BO:$BO,'Central CL (Department)'!$A:$A,$A148) -> 3 | I148: =SUMIFS('Siam Discovery'!$C:$C,'Siam Discovery'!$A:$A,$A148) -> 0 | K148: =SUMIFS('Paradise Park'!$C:$C,'Paradise Park'!$A:$A,$A148) -> 2 | M148: =SUMIFS('Central LP'!$D:$D,'Central LP'!$B:$B,$A148) -> 2 | O148: =E148+G148+I148+K148+M148 -> 9 | P148: =F148+H148+J148+L148+N148 -> 0
A149: VFF0008(FU,W38) | B149: VFF V-Soul | C149: Fuchsia | D149: W38 | E149: 1 | G149: =SUMIFS('Central CL (Department)'!$BO:$BO,'Central CL (Department)'!$A:$A,$A149) -> 2 | I149: =SUMIFS('Siam Discovery'!$C:$C,'Siam Discovery'!$A:$A,$A149) -> 1 | K149: =SUMIFS('Paradise Park'!$C:$C,'Paradise Park'!$A:$A,$A149) -> 2 | M149: =SUMIFS('Central LP'!$D:$D,'Central LP'!$B:$B,$A149) -> 2 | O149: =E149+G149+I149+K149+M149 -> 8 | P149: =F149+H149+J149+L149+N149 -> 0
A150: VFF0008(FU,W39) | B150: VFF V-Soul | C150: Fuchsia | D150: W39 | E150: =SUMIFS('K Village'!$D:$D,'K Village'!$B:$B,$A150) -> 1 | G150: =SUMIFS('Central CL (Department)'!$BO:$BO,'Central CL (Department)'!$A:$A,$A150) -> 1 | I150: =SUMIFS('Siam Discovery'!$C:$C,'Siam Discovery'!$A:$A,$A150) -> 1 | K150: =SUMIFS('Paradise Park'!$C:$C,'Paradise Park'!$A:$A,$A150) -> 3 | M150: =SUMIFS('Central LP'!$D:$D,'Central LP'!$B:$B,$A150) -> 2 | O150: =E150+G150+I150+K150+M150 -> 8 | P150: =F150+H150+J150+L150+N150 -> 0
A151: VFF0008(FU,W40) | B151: VFF V-Soul | C151: Fuchsia | D151: W40 | E151: =SUMIFS('K Village'!$D:$D,'K Village'!$B:$B,$A151) -> 2 | G151: =SUMIFS('Central CL (Department)'!$BO:$BO,'Central CL (Department)'!$A:$A,$A151) -> 2 | I151: =SUMIFS('Siam Discovery'!$C:$C,'Siam Discovery'!$A:$A,$A151) -> 2 | K151: =SUMIFS('Paradise Park'!$C:$C,'Paradise Park'!$A:$A,$A151) -> 2 | M151: =SUMIFS('Central LP'!$D:$D,'Central LP'!$B:$B,$A151) -> 1 | O151: =E151+G151+I151+K151+M151 -> 9 | P151: =F151+H151+J151+L151+N151 -> 0
A152: VFF0008(FU,W41) | B152: VFF V-Soul | C152: Fuchsia | D152: W41 | E152: =SUMIFS('K Village'!$D:$D,'K Village'!$B:$B,$A152) -> 0 | G152: =SUMIFS('Central CL (Department)'!$BO:$BO,'Central CL (Department)'!$A:$A,$A152) -> 0 | I152: =SUMIFS('Siam Discovery'!$C:$C,'Siam Discovery'!$A:$A,$A152) -> 0 | K152: =SUMIFS('Paradise Park'!$C:$C,'Paradise Park'!$A:$A,$A152) -> 0 | M152: =SUMIFS('Central LP'!$D:$D,'Central LP'!$B:$B,$A152) -> 1 | O152: =E152+G152+I152+K152+M152 -> 1 | P152: =F152+H152+J152+L152+N152 -> 0
A153: VFF0008(FU,W42) | B153: VFF V-Soul | C153: Fuchsia | D153: W42 | E153: =SUMIFS('K Village'!$D:$D,'K Village'!$B:$B,$A153) -> 0 | G153: =SUMIFS('Central CL (Department)'!$BO:$BO,'Central CL (Department)'!$A:$A,$A153) -> 0 | I153: =SUMIFS('Siam Discovery'!$C:$C,'Siam Discovery'!$A:$A,$A153) -> 0 | K153: =SUMIFS('Paradise Park'!$C:$C,'Paradise Park'!$A:$A,$A153) -> 1 | M153: =SUMIFS('Central LP'!$D:$D,'Central LP'!$B:$B,$A153) -> 0 | O153: =E153+G153+I153+K153+M153 -> 1 | P153: =F153+H153+J153+L153+N153 -> 0
A154: VFF0008(IV/DPK,W36) | B154: VFF V-Soul | C154: Ivory/Dusty Pink | D154: W36 | E154: =SUMIFS('K Village'!$D:$D,'K Village'!$B:$B,$A154) -> 0 | G154: =SUMIFS('Central CL (Department)'!$BO:$BO,'Central CL (Department)'!$A:$A,$A154) -> 0 | I154: =SUMIFS('Siam Discovery'!$C:$C,'Siam Discovery'!$A:$A,$A154) -> 0 | K154: =SUMIFS('Paradise Park'!$C:$C,'Paradise Park'!$A:$A,$A154) -> 0 | M154: =SUMIFS('Central LP'!$D:$D,'Central LP'!$B:$B,$A154) -> 0 | O154: =E154+G154+I154+K154+M154 -> 0 | P154: =F154+H154+J154+L154+N154 -> 0
A155: VFF0008(IV/DPK,W37) | B155: VFF V-Soul | C155: Ivory/Dusty Pink | D155: W37 | E155: =SUMIFS('K Village'!$D:$D,'K Village'!$B:$B,$A155) -> 0 | G155: =SUMIFS('Central CL (Department)'!$BO:$BO,'Central CL (Department)'!$A:$A,$A155) -> 0 | I155: =SUMIFS('Siam Discovery'!$C:$C,'Siam Discovery'!$A:$A,$A155) -> 0 | K155: =SUMIFS('Paradise Park'!$C:$C,'Paradise Park'!$A:$A,$A155) -> 0 | M155: =SUMIFS('Central LP'!$D:$D,'Central LP'!$B:$B,$A155) -> 0 | O155: =E155+G155+I155+K155+M155 -> 0 | P155: =F155+H155+J155+L155+N155 -> 0
A156: VFF0008(IV/DPK,W38) | B156: VFF V-Soul | C156: Ivory/Dusty Pink | D156: W38 | E156: =SUMIFS('K Village'!$D:$D,'K Village'!$B:$B,$A156) -> 0 | G156: =SUMIFS('Central CL (Department)'!$BO:$BO,'Central CL (Department)'!$A:$A,$A156) -> 0 | I156: =SUMIFS('Siam Discovery'!$C:$C,'Siam Discovery'!$A:$A,$A156) -> 0 | K156: =SUMIFS('Paradise Park'!$C:$C,'Paradise Park'!$A:$A,$A156) -> 0 | M156: =SUMIFS('Central LP'!$D:$D,'Central LP'!$B:$B,$A156) -> 0 | O156: =E156+G156+I156+K156+M156 -> 0 | P156: =F156+H156+J156+L156+N156 -> 0
A157: VFF0008(IV/DPK,W39) | B157: VFF V-Soul | C157: Ivory/Dusty Pink | D157: W39 | E157: =SUMIFS('K Village'!$D:$D,'K Village'!$B:$B,$A157) -> 0 | G157: =SUMIFS('Central CL (Department)'!$BO:$BO,'Central CL (Department)'!$A:$A,$A157) -> 0 | I157: =SUMIFS('Siam Discovery'!$C:$C,'Siam Discovery'!$A:$A,$A157) -> 0 | K157: =SUMIFS('Paradise Park'!$C:$C,'Paradise Park'!$A:$A,$A157) -> 0 | M157: =SUMIFS('Central LP'!$D:$D,'Central LP'!$B:$B,$A157) -> 0 | O157: =E157+G157+I157+K157+M157 -> 0 | P157: =F157+H157+J157+L157+N157 -> 0
A158: VFF0008(IV/DPK,W40) | B158: VFF V-Soul | C158: Ivory/Dusty Pink | D158: W40 | E158: =SUMIFS('K Village'!$D:$D,'K Village'!$B:$B,$A158) -> 0 | G158: =SUMIFS('Central CL (Department)'!$BO:$BO,'Central CL (Department)'!$A:$A,$A158) -> 0 | I158: =SUMIFS('Siam Discovery'!$C:$C,'Siam Discovery'!$A:$A,$A158) -> 0 | K158: =SUMIFS('Paradise Park'!$C:$C,'Paradise Park'!$A:$A,$A158) -> 0 | M158: =SUMIFS('Central LP'!$D:$D,'Central LP'!$B:$B,$A158) -> 0 | O158: =E158+G158+I158+K158+M158 -> 0 | P158: =F158+H158+J158+L158+N158 -> 0
A159: VFF0008(LI/GN,W36) | B159: VFF V-Soul | C159: Lime Green | D159: W36 | E159: =SUMIFS('K Village'!$D:$D,'K Village'!$B:$B,$A159) -> 1 | G159: =SUMIFS('Central CL (Department)'!$BO:$BO,'Central CL (Department)'!$A:$A,$A159) -> 1 | I159: =SUMIFS('Siam Discovery'!$C:$C,'Siam Discovery'!$A:$A,$A159) -> 0 | K159: =SUMIFS('Paradise Park'!$C:$C,'Paradise Park'!$A:$A,$A159) -> 4 | M159: =SUMIFS('Central LP'!$D:$D,'Central LP'!$B:$B,$A159) -> 2 | O159: =E159+G159+I159+K159+M159 -> 8 | P159: =F159+H159+J159+L159+N159 -> 0
A160: VFF0008(LI/GN,W37) | B160: VFF V-Soul | C160: Lime Green | D160: W37 | E160: =SUMIFS('K Village'!$D:$D,'K Village'!$B:$B,$A160) -> 2 | G160: =SUMIFS('Central CL (Department)'!$BO:$BO,'Central CL (Department)'!$A:$A,$A160) -> 2 | I160: =SUMIFS('Siam Discovery'!$C:$C,'Siam Discovery'!$A:$A,$A160) -> 2 | K160: =SUMIFS('Paradise Park'!$C:$C,'Paradise Park'!$A:$A,$A160) -> 3 | M160: =SUMIFS('Central LP'!$D:$D,'Central LP'!$B:$B,$A160) -> 1 | O160: =E160+G160+I160+K160+M160 -> 10 | P160: =F160+H160+J160+L160+N160 -> 0
A161: VFF0008(LI/GN,W38) | B161: VFF V-Soul | C161: Lime Green | D161: W38 | E161: =SUMIFS('K Village'!$D:$D,'K Village'!$B:$B,$A161) -> 2 | G161: =SUMIFS('Central CL (Department)'!$BO:$BO,'Central CL (Department)'!$A:$A,$A161) -> 3 | I161: =SUMIFS('Siam Discovery'!$C:$C,'Siam Discovery'!$A:$A,$A161) -> 2 | K161: =SUMIFS('Paradise Park'!$C:$C,'Paradise Park'!$A:$A,$A161) -> 2 | M161: =SUMIFS('Central LP'!$D:$D,'Central LP'!$B:$B,$A161) -> 2 | O161: =E161+G161+I161+K161+M161 -> 11 | P161: =F161+H161+J161+L161+N161 -> 0
... A167: VFF0008(NU,W37) | B167: VFF V-Soul | C167: Nude | D167: W37 | E167: =SUMIFS('K Village'!$D:$D,'K Village'!$B:$B,$A167) -> 0 | G167: =SUMIFS('Central CL (Department)'!$BO:$BO,'Central CL (Department)'!$A:$A,$A167) -> 0 | I167: =SUMIFS('Siam Discovery'!$C:$C,'Siam Discovery'!$A:$A,$A167) -> 0 | K167: =SUMIFS('Paradise Park'!$C:$C,'Paradise Park'!$A:$A,$A167) -> 1 | M167: =SUMIFS('Central LP'!$D:$D,'Central LP'!$B:$B,$A167) -> 0 | O167: =E167+G167+I167+K167+M167 -> 1 | P167: =F167+H167+J167+L167+N167 -> 0
A168: VFF0008(NU,W38) | B168: VFF V-Soul | C168: Nude | D168: W38 | E168: 4 | G168: =SUMIFS('Central CL (Department)'!$BO:$BO,'Central CL (Department)'!$A:$A,$A168) -> 0 | I168: =SUMIFS('Siam Discovery'!$C:$C,'Siam Discovery'!$A:$A,$A168) -> 0 | K168: =SUMIFS('Paradise Park'!$C:$C,'Paradise Park'!$A:$A,$A168) -> 0 | M168: =SUMIFS('Central LP'!$D:$D,'Central LP'!$B:$B,$A168) -> 0 | O168: =E168+G168+I168+K168+M168 -> 4 | P168: =F168+H168+J168+L168+N168 -> 0
A169: VFF0008(NU,W39) | B169: VFF V-Soul | C169: Nude | D169: W39 | E169: 1 | G169: =SUMIFS('Central CL (Department)'!$BO:$BO,'Central CL (Department)'!$A:$A,$A169) -> 0 | I169: =SUMIFS('Siam Discovery'!$C:$C,'Siam Discovery'!$A:$A,$A169) -> 0 | K169: =SUMIFS('Paradise Park'!$C:$C,'Paradise Park'!$A:$A,$A169) -> 3 | M169: =SUMIFS('Central LP'!$D:$D,'Central LP'!$B:$B,$A169) -> 0 | O169: =E169+G169+I169+K169+M169 -> 4 | P169: =F169+H169+J169+L169+N169 -> 0
...

Sheet K Village
A1: สินค้า - Kvillage
A2: # | B2: Code | C2: items | D2: Balance
A3: 1 | B3: BFJ0001(BK,L) | C3: BFJ Socks(L, Black) | D3: 9
A4: 2 | B4: BFJ0001(BK,M) | C4: BFJ Socks(M, Black) | D4: 15
A5: 3 | B5: BFJ0001(BK,S) | C5: BFJ Socks(S, Black) | D5: 4
A6: 4 | B6: BFJ0001(BL,L) | C6: BFJ Socks(L, Blue) | D6: 5
A7: 5 | B7: BFJ0001(BL,M) | C7: BFJ Socks(M, Blue) | D7: 9
A8: 6 | B8: BFJ0001(BL,S) | C8: BFJ Socks(S, Blue) | D8: 9
A9: 7 | B9: BFJ0001(GY,L) | C9: BFJ Socks(L, Gray) | D9: 12
A10: 8 | B10: BFJ0001(GY,M) | C10: BFJ Socks(M, Gray) | D10: 16
A11: 9 | B11: BFJ0001(GY,S) | C11: BFJ Socks(S, Gray) | D11: 3
A12: 10 | B12: BFJ0001(PK,L) | C12: BFJ Socks(L, Pink) | D12: 4
A13: 11 | B13: BFJ0001(PK,M) | C13: BFJ Socks(M, Pink) | D13: 6
A14: 12 | B14: BFJ0001(PK,S) | C14: BFJ Socks(S, Pink) | D14: 6
... A483: 481 | B483: VFF0030(BK,M47) | C483: VFF Groundsplay(M47, Black) | D483: 1

Sheet Paradise Park
A1: Paradise Park
A2: Code | B2: items | C2: Balance
A3: BFJ0001(BK,M) | B3: BFJ Socks(M, Black) | C3: 3
A4: BFJ0001(BL,L) | B4: BFJ Socks(L, Blue) | C4: 8
A5: BFJ0001(BL,M) | B5: BFJ Socks(M, Blue) | C5: 5
A6: BFJ0001(BL,S) | B6: BFJ Socks(S, Blue) | C6: 1
A7: BFJ0001(GY,L) | B7: BFJ Socks(L, Gray) | C7: 2
A8: BFJ0001(GY,M) | B8: BFJ Socks(M, Gray) | C8: 7
A9: BFJ0001(PK,L) | B9: BFJ Socks(L, Pink) | C9: 1
A10: BFJ0001(PK,M) | B10: BFJ Socks(M, Pink) | C10: 6
A11: BFJ0001(PK,S) | B11: BFJ Socks(S, Pink) | C11: 3
A12: BFJ0001(YL,L) | B12: BFJ Socks(L, Yellow) | C12: 7
A13: BFJ0001(YL,M) | B13: BFJ Socks(M, Yellow) | C13: 7
A14: MTB0001(LM,W23.5) | B14: Marugo TabiRela(W23.5, Lemon) | C14: 2
... A463: VFF0030(BK,M47) | B463: VFF Groundsplay(M47, Black) | C463: 1
A465: Exported by | B465: acc.bftcoltd@gmail.com
A466: Date Time | B466: 22/9/2026 14:28+07:00

Sheet Siam Discovery
A1: Siam Discovery
A2: Code | B2: items | C2: Balance
A3: BFJ0001(BK,L) | B3: BFJ Socks(L, Black) | C3: 11
A4: BFJ0001(BK,M) | B4: BFJ Socks(M, Black) | C4: 22
A5: BFJ0001(BL,L) | B5: BFJ Socks(L, Blue) | C5: 4
A6: BFJ0001(BL,M) | B6: BFJ Socks(M, Blue) | C6: 11
A7: BFJ0001(BL,S) | B7: BFJ Socks(S, Blue) | C7: 5
A8: BFJ0001(GY,L) | B8: BFJ Socks(L, Gray) | C8: 11
A9: BFJ0001(GY,M) | B9: BFJ Socks(M, Gray) | C9: 23
A10: BFJ0001(GY,S) | B10: BFJ Socks(S, Gray) | C10: 0
A11: BFJ0001(PK,M) | B11: BFJ Socks(M, Pink) | C11: 3
A12: BFJ0001(PK,S) | B12: BFJ Socks(S, Pink) | C12: 5
A13: BFJ0001(YL,L) | B13: BFJ Socks(L, Yellow) | C13: 4
A14: BFJ0001(YL,M) | B14: BFJ Socks(M, Yellow) | C14: 10
... A222: VFF0030(BK,M44) | B222: VFF Groundsplay(M44, Black) | C222: 2
C223: =SUM(C3:C222) -> 627

Sheet Central CL (Department)
A1: Central Chidlom
A2: Code | B2: items | C2: Delivery note | AU2: Total | AV2: Sale | BO2: Balance | BP2: KV, LP, Paradise = 21/9/26
C3: IVT-20250900009 | D3: IVT-20250900011 | E3: CNT-20250900006 | F3: CNT-20250900007 | G3: IVT-20251000002 | H3: IVT-20251000003 | I3: IVT-20251000005 | J3: IVT-20251000009 | K3: IVT-20251000011 | L3: IVT-20251000012 | M3: IVT-20251000013 | N3: CNT-20251000004 | O3: IVT-20251100004 | P3: IVT-20251200006 | Q3: IVT-20251200013 | R3: IVT-20251200017 | S3: IVT-20251200022 | T3: CNT-20251200005 | U3: IVT-20260200002 | V3: IVT-20260200010 | W3: IVT-20260200011 | X3: IVT-20260300001 | Y3: IVT-20260300003 | Z3: IVT-20260300007 | AA3: IVT-20260300010 | AB3: IVT-20260400003 | AC3: IVT-20260400004 | AD3: IVT-20260400008 | AE3: IVT-20260500001 | AF3: IVT-20260500005 | AG3: IVT-20260500012 | AH3: IVT-20260600002 | AI3: IVT-20260600006 | AJ3: IVT-20260600011 | AK3: IVT-20260700005 | AL3: IVT-20260700012 | AM3: CN 21/7/26 | AN3: IVT-20260800003 | AO3: IVT-20260800004 | AP3: IVT-20260800007 | AQ3: IVT-20260800010 | AR3: IVT-20260900007 | AS3: ADJ 24/9/26 在庫0 | AT3: ADD 24/9/26 | AV3: 2025 | AW3: 01/26 | AX3: 02/26 | AY3: 03/26 | AZ3: 04/26 | BA3: 05/26 | BB3: 06/26 | BC3: 07/26 | BD3: 08/26 | BE3: 09/26 | BN3: Total | BP3: CL, Siam dis = 15/9/26
A4: VFF0002(BK/BL,M40) | B4: VFF V-Run(M40, Black/Blue) | C4: 1 | D4: 2 | F4: -1 | I4: 2 | AU4: =SUM(C4:AT4) -> 4 | AV4: 4 | BN4: =SUM(AV4:BM4) -> 4 | BO4: =IF(+AU4-BN4<0,"",+AU4-BN4) -> 0
A5: VFF0002(BK/BL,M41) | B5: VFF V-Run(M41, Black/Blue) | C5: 2 | G5: 1 | I5: 1 | K5: 2 | O5: 1 | AU5: =SUM(C5:AT5) -> 7 | AV5: 1 | BC5: 1 | BD5: 3 | BN5: =SUM(AV5:BM5) -> 5 | BO5: =IF(+AU5-BN5<0,"",+AU5-BN5) -> 2
A6: VFF0002(BK/BL,M42) | B6: VFF V-Run(M42, Black/Blue) | C6: 2 | H6: 1 | I6: 3 | N6: -1 | O6: 1 | AU6: =SUM(C6:AT6) -> 6 | AV6: 2 | AW6: 1 | BN6: =SUM(AV6:BM6) -> 3 | BO6: =IF(+AU6-BN6<0,"",+AU6-BN6) -> 3
A7: VFF0002(BK/BL,M43) | B7: VFF V-Run(M43, Black/Blue) | C7: 2 | H7: 1 | I7: 1 | O7: 1 | U7: 1 | AU7: =SUM(C7:AT7) -> 6 | AV7: 1 | AW7: 2 | AX7: 1 | BC7: 1 | BD7: 1 | BN7: =SUM(AV7:BM7) -> 6 | BO7: =IF(+AU7-BN7<0,"",+AU7-BN7) -> 0
A8: VFF0002(BK/BL,M44) | B8: VFF V-Run(M44, Black/Blue) | C8: 2 | G8: 1 | I8: 1 | AU8: =SUM(C8:AT8) -> 4 | AV8: 1 | AW8: 1 | AX8: 1 | BB8: 1 | BN8: =SUM(AV8:BM8) -> 4 | BO8: =IF(+AU8-BN8<0,"",+AU8-BN8) -> 0
A9: VFF0002(BK/BL,M45) | B9: VFF V-Run(M45, Black/Blue) | C9: 1 | S9: 1 | AU9: =SUM(C9:AT9) -> 2 | AV9: 1 | BN9: =SUM(AV9:BM9) -> 1 | BO9: =IF(+AU9-BN9<0,"",+AU9-BN9) -> 1
A10: VFF0002(BK/BL,M46) | B10: VFF V-Run(M46, Black/Blue) | C10: 1 | H10: 1 | K10: 1 | AU10: =SUM(C10:AT10) -> 3 | AV10: 1 | AY10: 1 | BN10: =SUM(AV10:BM10) -> 2 | BO10: =IF(+AU10-BN10<0,"",+AU10-BN10) -> 1
A11: VFF0002(BK/BL,M47) | B11: VFF V-Run(M47, Black/Blue) | C11: 1 | G11: 1 | K11: 1 | AU11: =SUM(C11:AT11) -> 3 | BD11: 1 | BN11: =SUM(AV11:BM11) -> 1 | BO11: =IF(+AU11-BN11<0,"",+AU11-BN11) -> 2
A12: VFF0002(BK/YL,M42) | B12: VFF V-Run(M42, Black/Yellow) | C12: 1 | I12: 2 | AU12: =SUM(C12:AT12) -> 3 | AV12: 2 | BD12: 1 | BN12: =SUM(AV12:BM12) -> 3 | BO12: =IF(+AU12-BN12<0,"",+AU12-BN12) -> 0
A13: VFF0002(BK/YL,M43) | B13: VFF V-Run(M43, Black/Yellow) | C13: 1 | I13: 2 | AU13: =SUM(C13:AT13) -> 3 | AV13: 1 | AX13: 1 | BA13: 1 | BN13: =SUM(AV13:BM13) -> 3 | BO13: =IF(+AU13-BN13<0,"",+AU13-BN13) -> 0
A14: VFF0002(BK/YL,M44) | B14: VFF V-Run(M44, Black/Yellow) | C14: 1 | AU14: =SUM(C14:AT14) -> 1 | AV14: 1 | BN14: =SUM(AV14:BM14) -> 1 | BO14: =IF(+AU14-BN14<0,"",+AU14-BN14) -> 0
A15: VFF0002(BK/YL,M45) | B15: VFF V-Run(M45, Black/Yellow) | C15: 1 | AU15: =SUM(C15:AT15) -> 1 | AV15: 1 | BN15: =SUM(AV15:BM15) -> 1 | BO15: =IF(+AU15-BN15<0,"",+AU15-BN15) -> 0
A16: VFF0002(BK/YL,M46) | B16: VFF V-Run(M46, Black/Yellow) | C16: 1 | AU16: =SUM(C16:AT16) -> 1 | AY16: 1 | BN16: =SUM(AV16:BM16) -> 1 | BO16: =IF(+AU16-BN16<0,"",+AU16-BN16) -> 0
A17: VFF0002(BK/YL,M47) | B17: VFF V-Run(M47, Black/Yellow) | C17: 1 | AS17: -1 | AU17: =SUM(C17:AT17) -> 0 | BN17: =SUM(AV17:BM17) -> 0 | BO17: =IF(+AU17-BN17<0,"",+AU17-BN17) -> 0
A18: VFF0002(BK/LI/BK,M41) | B18: VFF V-Run(M41, Black Lime/Black) | AH18: 1 | AK18: 1 | AU18: =SUM(C18:AT18) -> 2 | BB18: 1 | BN18: =SUM(AV18:BM18) -> 1 | BO18: =IF(+AU18-BN18<0,"",+AU18-BN18) -> 1
A19: VFF0002(BK/LI/BK,M42) | B19: VFF V-Run(M42, Black Lime/Black) | AH19: 2 | AU19: =SUM(C19:AT19) -> 2 | BD19: 1 | BN19: =SUM(AV19:BM19) -> 1 | BO19: =IF(+AU19-BN19<0,"",+AU19-BN19) -> 1
A20: VFF0002(BK/LI/BK,M43) | B20: VFF V-Run(M43, Black Lime/Black) | AH20: 2 | AL20: 1 | AQ20: 2 | AU20: =SUM(C20:AT20) -> 5 | BC20: 1 | BD20: 2 | BN20: =SUM(AV20:BM20) -> 3 | BO20: =IF(+AU20-BN20<0,"",+AU20-BN20) -> 2
A21: VFF0002(BK/LI/BK,M44) | B21: VFF V-Run(M44, Black Lime/Black) | AH21: 2 | AU21: =SUM(C21:AT21) -> 2 | BN21: =SUM(AV21:BM21) -> 0 | BO21: =IF(+AU21-BN21<0,"",+AU21-BN21) -> 2
A22: VFF0002(BK/LI/BK,M45) | B22: VFF V-Run(M45, Black Lime/Black) | AH22: 1 | AU22: =SUM(C22:AT22) -> 1 | BN22: =SUM(AV22:BM22) -> 0 | BO22: =IF(+AU22-BN22<0,"",+AU22-BN22) -> 1
A23: VFF0002(TT/BK,M40) | B23: VFF V-Run(M40, Total Black) | Q23: 1 | S23: 1 | AU23: =SUM(C23:AT23) -> 2 | AV23: 1 | AW23: 1 | BN23: =SUM(AV23:BM23) -> 2 | BO23: =IF(+AU23-BN23<0,"",+AU23-BN23) -> 0
A24: VFF0002(TT/BK,M41) | B24: VFF V-Run(M41, Total Black) | Q24: 1 | S24: 1 | AC24: 1 | AE24: 1 | AU24: =SUM(C24:AT24) -> 4 | AW24: 1 | AZ24: 2 | BB24: 1 | BN24: =SUM(AV24:BM24) -> 4 | BO24: =IF(+AU24-BN24<0,"",+AU24-BN24) -> 0
A25: VFF0002(TT/BK,M42) | B25: VFF V-Run(M42, Total Black) | Q25: 1 | S25: 1 | W25: 1 | AC25: 1 | AE25: 1 | AU25: =SUM(C25:AT25) -> 5 | AX25: 1 | AZ25: 1 | BN25: =SUM(AV25:BM25) -> 2 | BO25: =IF(+AU25-BN25<0,"",+AU25-BN25) -> 3
A26: VFF0002(TT/BK,M43) | B26: VFF V-Run(M43, Total Black) | Q26: 1 | U26: 1 | X26: 1 | AE26: 1 | AU26: =SUM(C26:AT26) -> 4 | AW26: 1 | BB26: 1 | BD26: 2 | BN26: =SUM(AV26:BM26) -> 4 | BO26: =IF(+AU26-BN26<0,"",+AU26-BN26) -> 0
A27: VFF0002(TT/BK,M44) | B27: VFF V-Run(M44, Total Black) | Q27: 1 | X27: 1 | AE27: 1 | AU27: =SUM(C27:AT27) -> 3 | BA27: 1 | BC27: 1 | BD27: 1 | BN27: =SUM(AV27:BM27) -> 3 | BO27: =IF(+AU27-BN27<0,"",+AU27-BN27) -> 0
A28: VFF0002(TT/BK,M45) | B28: VFF V-Run(M45, Total Black) | Q28: 1 | S28: 1 | AU28: =SUM(C28:AT28) -> 2 | AV28: 1 | AX28: 1 | BN28: =SUM(AV28:BM28) -> 2 | BO28: =IF(+AU28-BN28<0,"",+AU28-BN28) -> 0
A29: VFF0002(BK/F,W36) | B29: VFF V-Run(W36, Black/Fig) | AK29: 1 | AR29: 1 | AU29: =SUM(C29:AT29) -> 2 | BD29: 1 | BN29: =SUM(AV29:BM29) -> 1 | BO29: =IF(+AU29-BN29<0,"",+AU29-BN29) -> 1
A30: VFF0002(BK/F,W37) | B30: VFF V-Run(W37, Black/Fig) | Q30: 1 | Z30: 1 | AJ30: 1 | AN30: 1 | AP30: 1 | AT30: 1 | AU30: =SUM(C30:AT30) -> 6 | AV30: 1 | BA30: 1 | BD30: 1 | BE30: 1 | BN30: =SUM(AV30:BM30) -> 4 | BO30: =IF(+AU30-BN30<0,"",+AU30-BN30) -> 2
A31: VFF0002(BK/F,W38) | B31: VFF V-Run(W38, Black/Fig) | Q31: 1 | S31: 1 | Z31: 2 | AJ31: 1 | AL31: 1 | AP31: 1 | AU31: =SUM(C31:AT31) -> 7 | AW31: 1 | AX31: 1 | BA31: 1 | BB31: 1 | BC31: 1 | BD31: 1 | BN31: =SUM(AV31:BM31) -> 6 | BO31: =IF(+AU31-BN31<0,"",+AU31-BN31) -> 1
A32: VFF0002(BK/F,W39) | B32: VFF V-Run(W39, Black/Fig) | Q32: 1 | U32: 1 | Z32: 2 | AJ32: 1 | AU32: =SUM(C32:AT32) -> 5 | AW32: 1 | AZ32: 1 | BC32: 2 | BN32: =SUM(AV32:BM32) -> 4 | BO32: =IF(+AU32-BN32<0,"",+AU32-BN32) -> 1
A33: VFF0002(BK/F,W40) | B33: VFF V-Run(W40, Black/Fig) | Q33: 1 | Z33: 1 | AJ33: 1 | AU33: =SUM(C33:AT33) -> 3 | BB33: 1 | BD33: 1 | BN33: =SUM(AV33:BM33) -> 2 | BO33: =IF(+AU33-BN33<0,"",+AU33-BN33) -> 1
A34: VFF0002(BK/F,W41) | B34: VFF V-Run(W41, Black/Fig) | Z34: 1 | AL34: 1 | AN34: 1 | AP34: 1 | AU34: =SUM(C34:AT34) -> 4 | BB34: 1 | BD34: 2 | BN34: =SUM(AV34:BM34) -> 3 | BO34: =IF(+AU34-BN34<0,"",+AU34-BN34) -> 1
A35: VFF0002(DL/IV,W37) | B35: VFF V-Run(W37, Deep Lake/Ivory) | C35: 1 | AU35: =SUM(C35:AT35) -> 1 | AV35: 1 | BN35: =SUM(AV35:BM35) -> 1 | BO35: =IF(+AU35-BN35<0,"",+AU35-BN35) -> 0
A36: VFF0002(DL/IV,W38) | B36: VFF V-Run(W38, Deep Lake/Ivory) | C36: 1 | H36: 1 | I36: 1 | N36: -1 | AU36: =SUM(C36:AT36) -> 2 | AV36: 2 | BN36: =SUM(AV36:BM36) -> 2 | BO36: =IF(+AU36-BN36<0,"",+AU36-BN36) -> 0
A37: VFF0002(DL/IV,W39) | B37: VFF V-Run(W39, Deep Lake/Ivory) | C37: 1 | D37: 1 | G37: 1 | H37: 1 | I37: 1 | N37: -1 | AU37: =SUM(C37:AT37) -> 4 | AV37: 4 | BN37: =SUM(AV37:BM37) -> 4 | BO37: =IF(+AU37-BN37<0,"",+AU37-BN37) -> 0
A38: VFF0002(DL/IV,W40) | B38: VFF V-Run(W40, Deep Lake/Ivory) | C38: 1 | D38: 1 | G38: 1 | I38: 1 | R38: 1 | AS38: -1 | AU38: =SUM(C38:AT38) -> 4 | AV38: 4 | BN38: =SUM(AV38:BM38) -> 4 | BO38: =IF(+AU38-BN38<0,"",+AU38-BN38) -> 0
A39: VFF0002(LI/BL,W37) | B39: VFF V-Run(W37, Lime/Blue) | C39: 1 | AU39: =SUM(C39:AT39) -> 1 | AV39: 1 | BN39: =SUM(AV39:BM39) -> 1 | BO39: =IF(+AU39-BN39<0,"",+AU39-BN39) -> 0
A40: VFF0002(LI/BL,W38) | B40: VFF V-Run(W38, Lime/Blue) | C40: 1 | G40: 1 | AU40: =SUM(C40:AT40) -> 2 | AV40: 2 | BN40: =SUM(AV40:BM40) -> 2 | BO40: =IF(+AU40-BN40<0,"",+AU40-BN40) -> 0
A41: VFF0002(LI/BL,W39) | B41: VFF V-Run(W39, Lime/Blue) | C41: 1 | AU41: =SUM(C41:AT41) -> 1 | AV41: 1 | BN41: =SUM(AV41:BM41) -> 1 | BO41: =IF(+AU41-BN41<0,"",+AU41-BN41) -> 0
A42: VFF0002(LI/BL,W40) | B42: VFF V-Run(W40, Lime/Blue) | R42: 2 | AS42: -2 | AU42: =SUM(C42:AT42) -> 0 | BN42: =SUM(AV42:BM42) -> 0 | BO42: =IF(+AU42-BN42<0,"",+AU42-BN42) -> 0
A43: VFF0002(DPK,W37) | B43: VFF V-Run(W37, Dusty Pink) | AP43: 1 | AR43: 1 | AT43: 2 | AU43: =SUM(C43:AT43) -> 4 | BD43: 1 | BE43: 1 | BN43: =SUM(AV43:BM43) -> 2 | BO43: =IF(+AU43-BN43<0,"",+AU43-BN43) -> 2
A44: VFF0002(DPK,W38) | B44: VFF V-Run(W38, Dusty Pink) | AP44: 1 | AR44: 2 | AU44: =SUM(C44:AT44) -> 3 | BE44: 2 | BN44: =SUM(AV44:BM44) -> 2 | BO44: =IF(+AU44-BN44<0,"",+AU44-BN44) -> 1
A45: VFF0002(DPK,W39) | B45: VFF V-Run(W39, Dusty Pink) | AP45: 1 | AR45: 2 | AU45: =SUM(C45:AT45) -> 3 | BD45: 1 | BE45: 1 | BN45: =SUM(AV45:BM45) -> 2 | BO45: =IF(+AU45-BN45<0,"",+AU45-BN45) -> 1
A46: VFF0002(DPK,W40) | B46: VFF V-Run(W40, Dusty Pink) | AP46: 1 | AQ46: 1 | AR46: 1 | AU46: =SUM(C46:AT46) -> 3 | BD46: 1 | BN46: =SUM(AV46:BM46) -> 1 | BO46: =IF(+AU46-BN46<0,"",+AU46-BN46) -> 2
A47: VFF0005(BK/BK,M40) | B47: VFF V-Train 2.0(M40, Black/Black) | AP47: 1 | AU47: =SUM(C47:AT47) -> 1 | BN47: =SUM(AV47:BM47) -> 0 | BO47: =IF(+AU47-BN47<0,"",+AU47-BN47) -> 1
A48: VFF0005(BK/BK,M41) | B48: VFF V-Train 2.0(M41, Black/Black) | C48: 1 | G48: 1 | K48: 1 | AP48: 1 | AU48: =SUM(C48:AT48) -> 4 | AV48: 3 | BN48: =SUM(AV48:BM48) -> 3 | BO48: =IF(+AU48-BN48<0,"",+AU48-BN48) -> 1
A49: VFF0005(BK/BK,M42) | B49: VFF V-Train 2.0(M42, Black/Black) | C49: 1 | G49: 1 | I49: 1 | AP49: 1 | AU49: =SUM(C49:AT49) -> 4 | AV49: 3 | BN49: =SUM(AV49:BM49) -> 3 | BO49: =IF(+AU49-BN49<0,"",+AU49-BN49) -> 1
A50: VFF0005(BK/BK,M43) | B50: VFF V-Train 2.0(M43, Black/Black) | C50: 1 | J50: 1 | R50: 1 | U50: 1 | AP50: 1 | AU50: =SUM(C50:AT50) -> 5 | AV50: 3 | AY50: 1 | BN50: =SUM(AV50:BM50) -> 4 | BO50: =IF(+AU50-BN50<0,"",+AU50-BN50) -> 1
A51: VFF0005(BK/BK,M44) | B51: VFF V-Train 2.0(M44, Black/Black) | AP51: 1 | AR51: 1 | AU51: =SUM(C51:AT51) -> 2 | BD51: 1 | BN51: =SUM(AV51:BM51) -> 1 | BO51: =IF(+AU51-BN51<0,"",+AU51-BN51) -> 1
A52: VFF0005(BK/BK,M45) | B52: VFF V-Train 2.0(M45, Black/Black) | C52: 1 | O52: 1 | AP52: 1 | AU52: =SUM(C52:AT52) -> 3 | AV52: 2 | BE52: 1 | BN52: =SUM(AV52:BM52) -> 3 | BO52: =IF(+AU52-BN52<0,"",+AU52-BN52) -> 0
A53: VFF0005(BK/BK,M46) | B53: VFF V-Train 2.0(M46, Black/Black) | C53: 1 | O53: 1 | AU53: =SUM(C53:AT53) -> 2 | AV53: 2 | BN53: =SUM(AV53:BM53) -> 2 | BO53: =IF(+AU53-BN53<0,"",+AU53-BN53) -> 0
A54: VFF0005(BK/PK,W37) | B54: VFF V-Train 2.0(W37, Black/Pink) | C54: 1 | G54: 1 | AU54: =SUM(C54:AT54) -> 2 | AV54: 2 | BN54: =SUM(AV54:BM54) -> 2 | BO54: =IF(+AU54-BN54<0,"",+AU54-BN54) -> 0
A55: VFF0005(BK/PK,W38) | B55: VFF V-Train 2.0(W38, Black/Pink) | C55: 1 | O55: 1 | AU55: =SUM(C55:AT55) -> 2 | AV55: 2 | BN55: =SUM(AV55:BM55) -> 2 | BO55: =IF(+AU55-BN55<0,"",+AU55-BN55) -> 0
A56: VFF0005(BK/PK,W39) | B56: VFF V-Train 2.0(W39, Black/Pink) | C56: 1 | AU56: =SUM(C56:AT56) -> 1 | AV56: 1 | BN56: =SUM(AV56:BM56) -> 1 | BO56: =IF(+AU56-BN56<0,"",+AU56-BN56) -> 0
A57: VFF0005(LIG/GY,M41) | B57: VFF V-Train 2.0(M41, Lime Green/Gray) | C57: 1 | AU57: =SUM(C57:AT57) -> 1 | AV57: 1 | BN57: =SUM(AV57:BM57) -> 1 | BO57: =IF(+AU57-BN57<0,"",+AU57-BN57) -> 0
A58: VFF0005(LIG/GY,M42) | B58: VFF V-Train 2.0(M42, Lime Green/Gray) | C58: 1 | O58: 1 | U58: 1 | AS58: -1 | AU58: =SUM(C58:AT58) -> 2 | AV58: 1 | BD58: 1 | BN58: =SUM(AV58:BM58) -> 2 | BO58: =IF(+AU58-BN58<0,"",+AU58-BN58) -> 0
A59: VFF0005(LIG/GY,M43) | B59: VFF V-Train 2.0(M43, Lime Green/Gray) | C59: 1 | AU59: =SUM(C59:AT59) -> 1 | AV59: 1 | BN59: =SUM(AV59:BM59) -> 1 | BO59: =IF(+AU59-BN59<0,"",+AU59-BN59) -> 0
A60: VFF0005(LIG/GY,M44) | B60: VFF V-Train 2.0(M44, Lime Green/Gray) | C60: 1 | AS60: -1 | AU60: =SUM(C60:AT60) -> 0 | BN60: =SUM(AV60:BM60) -> 0 | BO60: =IF(+AU60-BN60<0,"",+AU60-BN60) -> 0
A61: VFF0005(LIG/GY,M45) | B61: VFF V-Train 2.0(M45, Lime Green/Gray) | C61: 1 | AS61: -1 | AU61: =SUM(C61:AT61) -> 0 | BN61: =SUM(AV61:BM61) -> 0 | BO61: =IF(+AU61-BN61<0,"",+AU61-BN61) -> 0
A62: VFF0005(BK/BK,W36) | B62: VFF V-Train 2.0(W36, Black/Black) | AT62: 1 | AU62: =SUM(C62:AT62) -> 1 | BN62: =SUM(AV62:BM62) -> 0 | BO62: =IF(+AU62-BN62<0,"",+AU62-BN62) -> 1
A63: VFF0005(BK/BK,W37) | B63: VFF V-Train 2.0(W37, Black/Black) | AP63: 1 | AU63: =SUM(C63:AT63) -> 1 | BN63: =SUM(AV63:BM63) -> 0 | BO63: =IF(+AU63-BN63<0,"",+AU63-BN63) -> 1
A64: VFF0005(BK/BK,W38) | B64: VFF V-Train 2.0(W38, Black/Black) | AP64: 1 | AU64: =SUM(C64:AT64) -> 1 | BN64: =SUM(AV64:BM64) -> 0 | BO64: =IF(+AU64-BN64<0,"",+AU64-BN64) -> 1
A65: VFF0005(BK/BK,W39) | B65: VFF V-Train 2.0(W39, Black/Black) | AP65: 1 | AU65: =SUM(C65:AT65) -> 1 | BN65: =SUM(AV65:BM65) -> 0 | BO65: =IF(+AU65-BN65<0,"",+AU65-BN65) -> 1
A66: VFF0005(BK/BK,W40) | B66: VFF V-Train 2.0(W40, Black/Black) | AP66: 1 | AU66: =SUM(C66:AT66) -> 1 | BN66: =SUM(AV66:BM66) -> 0 | BO66: =IF(+AU66-BN66<0,"",+AU66-BN66) -> 1
A67: VFF0008(BB/BL,W36) | B67: VFF V-Soul(W36, Baby Blue) | AH67: 1 | AU67: =SUM(C67:AT67) -> 1 | BB67: 1 | BN67: =SUM(AV67:BM67) -> 1 | BO67: =IF(+AU67-BN67<0,"",+AU67-BN67) -> 0
A68: VFF0008(BB/BL,W37) | B68: VFF V-Soul(W37, Baby Blue) | AH68: 1 | AI68: 2 | AJ68: 1 | AK68: 1 | AM68: -2 | AT68: 1 | AU68: =SUM(C68:AT68) -> 4 | BB68: 2 | BC68: 1 | BN68: =SUM(AV68:BM68) -> 3 | BO68: =IF(+AU68-BN68<0,"",+AU68-BN68) -> 1
A69: VFF0008(BB/BL,W38) | B69: VFF V-Soul(W38, Baby Blue) | AH69: 2 | AI69: 2 | AJ69: 2 | AM69: -1 | AR69: 2 | AU69: =SUM(C69:AT69) -> 7 | BB69: 3 | BC69: 1 | BE69: 2 | BN69: =SUM(AV69:BM69) -> 6 | BO69: =IF(+AU69-BN69<0,"",+AU69-BN69) -> 1
A70: VFF0008(BB/BL,W39) | B70: VFF V-Soul(W39, Baby Blue) | AH70: 2 | AI70: 2 | AJ70: 2 | AM70: -2 | AR70: 2 | AT70: 2 | AU70: =SUM(C70:AT70) -> 8 | BB70: 2 | BC70: 2 | BE70: 2 | BN70: =SUM(AV70:BM70) -> 6 | BO70: =IF(+AU70-BN70<0,"",+AU70-BN70) -> 2
A71: VFF0008(BB/BL,W40) | B71: VFF V-Soul(W40, Baby Blue) | AH71: 1 | AI71: 2 | AJ71: 1 | AK71: 1 | AR71: 2 | AT71: 2 | AU71: =SUM(C71:AT71) -> 9 | BB71: 3 | BC71: 1 | BE71: 2 | BN71: =SUM(AV71:BM71) -> 6 | BO71: =IF(+AU71-BN71<0,"",+AU71-BN71) -> 3
A72: VFF0008(BB/BL,W41) | B72: VFF V-Soul(W41, Baby Blue) | AH72: 1 | AJ72: 1 | AM72: -1 | AU72: =SUM(C72:AT72) -> 1 | BB72: 1 | BN72: =SUM(AV72:BM72) -> 1 | BO72: =IF(+AU72-BN72<0,"",+AU72-BN72) -> 0
A73: VFF0008(BK,W36) | B73: VFF V-Soul(W36, Black) | P73: 4 | U73: 1 | X73: 1 | Y73: 1 | Z73: 1 | AA73: 1 | AB73: 1 | AD73: 1 | AE73: 2 | AJ73: 1 | AP73: 1 | AQ73: 1 | AR73: 2 | AU73: =SUM(C73:AT73) -> 18 | AV73: 3 | AW73: 1 | AX73: 1 | AY73: 4 | AZ73: 1 | BA73: 1 | BB73: 2 | BC73: 1 | BD73: 1 | BE73: 3 | BN73: =SUM(AV73:BM73) -> 18 | BO73: =IF(+AU73-BN73<0,"",+AU73-BN73) -> 0
A74: VFF0008(BK,W37) | B74: VFF V-Soul(W37, Black) | C74: 2 | D74: 2 | E74: -1 | P74: 5 | U74: 2 | W74: 2 | X74: 2 | AA74: 1 | AB74: 2 | AC74: 1 | AE74: 2 | AF74: 1 | AH74: 1 | AI74: 2 | AP74: 1 | AQ74: 1 | AR74: 2 | AU74: =SUM(C74:AT74) -> 28 | AV74: 7 | AW74: 1 | AX74: 4 | AY74: 2 | AZ74: 3 | BA74: 4 | BB74: 1 | BC74: 2 | BD74: 2 | BE74: 1 | BN74: =SUM(AV74:BM74) -> 27 | BO74: =IF(+AU74-BN74<0,"",+AU74-BN74) -> 1
A75: VFF0008(BK,W38) | B75: VFF V-Soul(W38, Black) | C75: 3 | D75: 2 | P75: 6 | R75: 3 | S75: 2 | U75: 2 | W75: 2 | AA75: 2 | AB75: 3 | AC75: 2 | AE75: 2 | AH75: 2 | AI75: 2 | AK75: 1 | AM75: -1 | AP75: 2 | AQ75: 2 | AR75: 2 | AT75: 3 | AU75: =SUM(C75:AT75) -> 42 | AV75: 14 | AW75: 2 | AX75: 4 | AZ75: 6 | BA75: 2 | BB75: 3 | BC75: 1 | BD75: 4 | BN75: =SUM(AV75:BM75) -> 36 | BO75: =IF(+AU75-BN75<0,"",+AU75-BN75) -> 6
A76: VFF0008(BK,W39) | B76: VFF V-Soul(W39, Black) | C76: 2 | P76: 5 | S76: 3 | U76: 3 | W76: 3 | X76: 2 | Z76: 2 | AA76: 2 | AC76: 3 | AE76: 2 | AF76: 2 | AH76: 2 | AI76: 2 | AK76: 1 | AM76: -1 | AP76: 2 | AQ76: 2 | AR76: 2 | AU76: =SUM(C76:AT76) -> 39 | AV76: 7 | AW76: 3 | AX76: 3 | AY76: 5 | AZ76: 4 | BA76: 4 | BB76: 5 | BC76: 2 | BD76: 4 | BE76: 2 | BN76: =SUM(AV76:BM76) -> 39 | BO76: =IF(+AU76-BN76<0,"",+AU76-BN76) -> 0
A77: VFF0008(BK,W40) | B77: VFF V-Soul(W40, Black) | P77: 5 | U77: 2 | W77: 1 | X77: 2 | AA77: 1 | AB77: 2 | AC77: 2 | AH77: 1 | AI77: 2 | AP77: 1 | AQ77: 1 | AR77: 1 | AU77: =SUM(C77:AT77) -> 21 | AV77: 2 | AW77: 1 | AX77: 4 | AY77: 4 | AZ77: 1 | BA77: 3 | BB77: 2 | BC77: 1 | BD77: 2 | BN77: =SUM(AV77:BM77) -> 20 | BO77: =IF(+AU77-BN77<0,"",+AU77-BN77) -> 1
A78: VFF0008(BK,W41) | B78: VFF V-Soul(W41, Black) | P78: 5 | AA78: 1 | AB78: 1 | AC78: 1 | AE78: 1 | AH78: 1 | AP78: 1 | AQ78: 1 | AU78: =SUM(C78:AT78) -> 12 | AV78: 3 | AW78: 2 | AZ78: 3 | BA78: 1 | BB78: 1 | BE78: 2 | BN78: =SUM(AV78:BM78) -> 12 | BO78: =IF(+AU78-BN78<0,"",+AU78-BN78) -> 0
A79: VFF0008(IV/DPK,W36) | B79: VFF V-Soul(W36, Ivory/Dusty Pink) | P79: 3 | W79: 1 | AU79: =SUM(C79:AT79) -> 4 | AV79: 3 | AX79: 1 | BN79: =SUM(AV79:BM79) -> 4 | BO79: =IF(+AU79-BN79<0,"",+AU79-BN79) -> 0
A80: VFF0008(IV/DPK,W37) | B80: VFF V-Soul(W37, Ivory/Dusty Pink) | P80: 3 | W80: 1 | X80: 1 | Y80: 1 | AU80: =SUM(C80:AT80) -> 6 | AV80: 3 | AX80: 1 | AY80: 2 | BN80: =SUM(AV80:BM80) -> 6 | BO80: =IF(+AU80-BN80<0,"",+AU80-BN80) -> 0
A81: VFF0008(IV/DPK,W38) | B81: VFF V-Soul(W38, Ivory/Dusty Pink) | P81: 3 | S81: 1 | W81: 1 | X81: 2 | AU81: =SUM(C81:AT81) -> 7 | AV81: 4 | AX81: 1 | AY81: 2 | BN81: =SUM(AV81:BM81) -> 7 | BO81: =IF(+AU81-BN81<0,"",+AU81-BN81) -> 0
A82: VFF0008(IV/DPK,W39) | B82: VFF V-Soul(W39, Ivory/Dusty Pink) | P82: 3 | R82: 1 | U82: 2 | W82: 1 | X82: 2 | AU82: =SUM(C82:AT82) -> 9 | AV82: 3 | AW82: 1 | AX82: 1 | AZ82: 2 | BA82: 2 | BN82: =SUM(AV82:BM82) -> 9 | BO82: =IF(+AU82-BN82<0,"",+AU82-BN82) -> 0
A83: VFF0008(IV/DPK,W40) | B83: VFF V-Soul(W40, Ivory/Dusty Pink) | P83: 3 | S83: 1 | W83: 1 | AU83: =SUM(C83:AT83) -> 5 | AV83: 3 | AX83: 1 | AY83: 1 | BN83: =SUM(AV83:BM83) -> 5 | BO83: =IF(+AU83-BN83<0,"",+AU83-BN83) -> 0
A84: VFF0008(FU,W36) | B84: VFF V-Soul(W36, Fuchsia) | AE84: 1 | AU84: =SUM(C84:AT84) -> 1 | BN84: =SUM(AV84:BM84) -> 0 | BO84: =IF(+AU84-BN84<0,"",+AU84-BN84) -> 1
A85: VFF0008(FU,W37) | B85: VFF V-Soul(W37, Fuchsia) | AC85: 1 | AE85: 1 | AJ85: 2 | AQ85: 1 | AU85: =SUM(C85:AT85) -> 5 | BA85: 1 | BC85: 1 | BN85: =SUM(AV85:BM85) -> 2 | BO85: =IF(+AU85-BN85<0,"",+AU85-BN85) -> 3
A86: VFF0008(FU,W38) | B86: VFF V-Soul(W38, Fuchsia) | AC86: 1 | AE86: 1 | AG86: 2 | AJ86: 2 | AQ86: 1 | AR86: 1 | AU86: =SUM(C86:AT86) -> 8 | AZ86: 1 | BA86: 2 | BD86: 3 | BN86: =SUM(AV86:BM86) -> 6 | BO86: =IF(+AU86-BN86<0,"",+AU86-BN86) -> 2
A87: VFF0008(FU,W39) | B87: VFF V-Soul(W39, Fuchsia) | AC87: 1 | AE87: 1 | AJ87: 2 | AQ87: 1 | AU87: =SUM(C87:AT87) -> 5 | BA87: 2 | BD87: 1 | BE87: 1 | BN87: =SUM(AV87:BM87) -> 4 | BO87: =IF(+AU87-BN87<0,"",+AU87-BN87) -> 1
A88: VFF0008(FU,W40) | B88: VFF V-Soul(W40, Fuchsia) | AC88: 1 | AE88: 1 | AF88: 2 | AJ88: 1 | AU88: =SUM(C88:AT88) -> 5 | BB88: 1 | BD88: 2 | BN88: =SUM(AV88:BM88) -> 3 | BO88: =IF(+AU88-BN88<0,"",+AU88-BN88) -> 2
A89: VFF0008(FU,W41) | B89: VFF V-Soul(W41, Fuchsia) | AE89: 1 | AF89: 1 | AS89: 1 | AU89: =SUM(C89:AT89) -> 3 | BA89: 2 | BD89: 1 | BN89: =SUM(AV89:BM89) -> 3 | BO89: =IF(+AU89-BN89<0,"",+AU89-BN89) -> 0
A90: VFF0008(LI/GN,W36) | B90: VFF V-Soul(W36, Lime Green) | AE90: 1 | AU90: =SUM(C90:AT90) -> 1 | BN90: =SUM(AV90:BM90) -> 0 | BO90: =IF(+AU90-BN90<0,"",+AU90-BN90) -> 1
A91: VFF0008(LI/GN,W37) | B91: VFF V-Soul(W37, Lime Green) | S91: 1 | U91: 1 | Y91: 1 | AC91: 1 | AF91: 2 | AP91: 1 | AQ91: 2 | AT91: 1 | AU91: =SUM(C91:AT91) -> 10 | AW91: 1 | AY91: 1 | BA91: 1 | BB91: 1 | BD91: 1 | BE91: 3 | BN91: =SUM(AV91:BM91) -> 8 | BO91: =IF(+AU91-BN91<0,"",+AU91-BN91) -> 2
A92: VFF0008(LI/GN,W38) | B92: VFF V-Soul(W38, Lime Green) | P92: 1 | S92: 1 | U92: 1 | Y92: 1 | AC92: 3 | AJ92: 3 | AP92: 1 | AQ92: 3 | AS92: 2 | AT92: 3 | AU92: =SUM(C92:AT92) -> 19 | AW92: 2 | AY92: 1 | AZ92: 1 | BA92: 3 | BB92: 2 | BD92: 4 | BE92: 3 | BN92: =SUM(AV92:BM92) -> 16 | BO92: =IF(+AU92-BN92<0,"",+AU92-BN92) -> 3
A93: VFF0008(LI/GN,W39) | B93: VFF V-Soul(W39, Lime Green) | P93: 1 | S93: 1 | U93: 1 | Y93: 1 | AA93: 1 | AC93: 1 | AG93: 1 | AL93: 1 | AP93: 1 | AT93: 3 | AU93: =SUM(C93:AT93) -> 12 | AV93: 1 | AW93: 1 | BA93: 3 | BC93: 2 | BD93: 2 | BN93: =SUM(AV93:BM93) -> 9 | BO93: =IF(+AU93-BN93<0,"",+AU93-BN93) -> 3
A94: VFF0008(LI/GN,W40) | B94: VFF V-Soul(W40, Lime Green) | P94: 1 | Y94: 1 | AC94: 1 | AG94: 1 | AJ94: 2 | AK94: 1 | AU94: =SUM(C94:AT94) -> 7 | BA94: 1 | BB94: 2 | BC94: 1 | BD94: 1 | BN94: =SUM(AV94:BM94) -> 5 | BO94: =IF(+AU94-BN94<0,"",+AU94-BN94) -> 2
A95: VFF0008(LI/GN,W41) | B95: VFF V-Soul(W41, Lime Green) | Y95: 1 | AE95: 1 | AF95: 1 | AU95: =SUM(C95:AT95) -> 3 | AY95: 1 | BD95: 1 | BN95: =SUM(AV95:BM95) -> 2 | BO95: =IF(+AU95-BN95<0,"",+AU95-BN95) -> 1
A96: VFF0008(BR,W37) | B96: VFF V-Soul(W37, Brown) | AH96: 1 | AI96: 1 | AM96: -1 | AU96: =SUM(C96:AT96) -> 1 | BB96: 1 | BN96: =SUM(AV96:BM96) -> 1 | BO96: =IF(+AU96-BN96<0,"",+AU96-BN96) -> 0
A97: VFF0008(BR,W38) | B97: VFF V-Soul(W38, Brown) | AH97: 1 | AI97: 2 | AM97: -2 | AU97: =SUM(C97:AT97) -> 1 | BC97: 1 | BN97: =SUM(AV97:BM97) -> 1 | BO97: =IF(+AU97-BN97<0,"",+AU97-BN97) -> 0
A98: VFF0008(BR,W39) | B98: VFF V-Soul(W39, Brown) | AH98: 1 | AI98: 2 | AU98: =SUM(C98:AT98) -> 3 | BB98: 2 | BC98: 1 | BN98: =SUM(AV98:BM98) -> 3 | BO98: =IF(+AU98-BN98<0,"",+AU98-BN98) -> 0
A99: VFF0008(BR,W40) | B99: VFF V-Soul(W40, Brown) | AH99: 1 | AI99: 1 | AM99: -2 | AU99: =SUM(C99:AT99) -> 0 | BN99: =SUM(AV99:BM99) -> 0 | BO99: =IF(+AU99-BN99<0,"",+AU99-BN99) -> 0
A100: VFF0008(PP,W36) | B100: VFF V-Soul(W36, Purple) | AL100: 1 | AN100: 1 | AU100: =SUM(C100:AT100) -> 2 | BN100: =SUM(AV100:BM100) -> 0 | BO100: =IF(+AU100-BN100<0,"",+AU100-BN100) -> 2
...

Sheet Central LP
A1: สินค้า - Coollabo Cen LP 3F
A2: # | B2: Code | C2: items | D2: Balance
A3: 1 | B3: BFJ0001(BK,L) | C3: BFJ Socks(L, Black) | D3: 4
A4: 2 | B4: BFJ0001(BK,M) | C4: BFJ Socks(M, Black) | D4: 1
A5: 3 | B5: BFJ0001(BK,S) | C5: BFJ Socks(S, Black) | D5: 2
A6: 4 | B6: BFJ0001(BL,L) | C6: BFJ Socks(L, Blue) | D6: 6
A7: 5 | B7: BFJ0001(BL,M) | C7: BFJ Socks(M, Blue) | D7: 3
A8: 6 | B8: BFJ0001(BL,S) | C8: BFJ Socks(S, Blue) | D8: 4
A9: 7 | B9: BFJ0001(GY,L) | C9: BFJ Socks(L, Gray) | D9: 10
A10: 8 | B10: BFJ0001(GY,M) | C10: BFJ Socks(M, Gray) | D10: 4
A11: 9 | B11: BFJ0001(GY,S) | C11: BFJ Socks(S, Gray) | D11: 8
A12: 10 | B12: BFJ0001(PK,L) | C12: BFJ Socks(L, Pink) | D12: 9
A13: 11 | B13: BFJ0001(PK,M) | C13: BFJ Socks(M, Pink) | D13: 5
A14: 12 | B14: BFJ0001(PK,S) | C14: BFJ Socks(S, Pink) | D14: 6
... A391: 389 | B391: VFF0030(BK,M45) | C391: VFF Groundsplay(M45, Black) | D391: 1
