Workbook

Sheet 設定
A1: 新入荷商品 店舗配分モデル — 設定シート
A2: 黄色セル（青字）が入力項目です。ここを変えると「配分表」「サマリー」が自動で再計算されます。
A4: 1. モデル別 初回投入率（残りは倉庫保留 → 初速を見て追加配分）
A5: モデル | B5: 初回投入率 | C5: 参考にした既存モデル | D5: 実効の店舗投入率（結果）
A6: VFF Spidrwalk | B6: 0.26 | C6: VFF Spidrwalk（既存カラーの店舗別実績） | D6: =SUMIFS(サマリー!$I$4:$I$8,サマリー!$A$4:$A$8,A6)/SUMIFS(サマリー!$C$4:$C$8,サマリー!$A$4:$A$8,A6) -> 0.30555556
A7: VFF Trailope WP | B7: 0.28 | C7: VFF Trailope ＋ VFF Scramkey | D7: =SUMIFS(サマリー!$I$4:$I$8,サマリー!$A$4:$A$8,A7)/SUMIFS(サマリー!$C$4:$C$8,サマリー!$A$4:$A$8,A7) -> 0.28787879
A8: VFF Groundsplay LS | B8: 0.33 | C8: VFF Groundsplay ＋ VFF Graspifier ＋ VFF Kso Evo（M/W別） | D8: =SUMIFS(サマリー!$I$4:$I$8,サマリー!$A$4:$A$8,A8)/SUMIFS(サマリー!$C$4:$C$8,サマリー!$A$4:$A$8,A8) -> 0.23913043
A10: 2. 店舗別 実績月数（月平均化のため。Paradise Parkは2026年4月開店のため5ヶ月）
A11: 店舗 | B11: 実績月数
A12: K Village | B12: 8
A13: Central Chidlom | B13: 8
A14: Siam Discovery | B14: 8
A15: Paradise Park | B15: 5
A16: Central Lardprao (Dept.) | B16: 8
A18: 3. 店舗別 最低配分足数と1SKUあたり上限（比率に関わらず各店に置く最低数と、1SKUに置く最大数）
A19: 店舗 | B19: 主要 | C19: 端 | D19: 極端 | E19: 1SKU上限
A20: K Village | B20: 2 | C20: 1 | D20: 1 | E20: 2
A21: Central Chidlom | B21: 1 | C21: 1 | D21: 0 | E21: 2
A22: Siam Discovery | B22: 1 | C22: 1 | D22: 0 | E22: 2
A23: Paradise Park | B23: 1 | C23: 0 | D23: 0 | E23: 2
A24: Central Lardprao (Dept.) | B24: 0 | C24: 0 | D24: 0 | E24: 1
A25: サイズ区分の定義（配分表のE列で個別に変更可）：主要＝M41〜44／W38〜40、端＝M40・45・46／W37・41、極端＝M39・47／W36・42
A27: 4. 店舗別 在庫調整係数（既存在庫が過剰な店は1未満にして配分を絞る。係数はシェアの正規化に使うため、減らした分は他店に回る。ただし1SKU上限・最低配分・手動調整が優先されるため、店舗合計は投入率どおりにはならない＝実効率は1.のD列を参照）
A28: 店舗 | B28: 調整係数 | C28: 根拠（9/25時点の既存在庫月数）
A29: K Village | B29: 1 | C29: 約3ヶ月（推定）→ そのまま
A30: Central Chidlom | B30: 1 | C30: 4.5ヶ月 → そのまま
A31: Siam Discovery | B31: 1 | C31: 5.4ヶ月 → そのまま
A32: Paradise Park | B32: 1 | C32: 11ヶ月だが販売は他2店と同水準のため係数は下げず、上限2足で抑える
A33: Central Lardprao (Dept.) | B33: 1.6 | C33: ="30ヶ月。最低配分0・上限1足とし、係数は「入荷の多い主要SKUだけ1足が立つ」水準に調整（合計約"&配分表!N60&"足。配分されないモデル・サイズがあってよい）" -> 30ヶ月。最低配分0・上限1足とし、係数は「入荷の多い主要SKUだけ1足が立つ」水準に調整（合計約7足。配分されないモデル・サイズがあってよい）
A35: 5. 丸め単位（1＝1足単位、3＝3足箱単位）
A36: 丸め単位 | B36: 1
A38: 6. 性別区分の判定（実績データにM/W表記がないため、サイズ39以下をW、40以上をMとみなして集計）
A39: ※ 実績側の40〜42はレディースも含まれ得るため、Groundsplay LS W40〜42の配分はメンズ側の店舗比率に寄ります。必要なら「実績」シートの性別列を手修正してください。
A41: 7. 上限：①店舗投入率（モデル×カラー別の店舗合計÷入荷数）の上限、②初回投入率（上の1.／配分表G列）の上限。①超過はサマリーL列で警告、②は1.の入力で制限（超えると入力エラー）・配分表G列で赤表示。※①は現行の配分実数（Spidrwalk 30.6%）に合わせて31%に設定
A42: 店舗投入率の上限 | B42: 0.31
A43: 初回投入率（配分表G列）の上限 | B43: 0.33

Sheet 実績
A1: 参考モデルの店舗別販売実績（2026年1〜8月、輸出・対EDV卸・オンライン・イベント除く）
A2: 出典：店舗別モデルサイズ別販売足数ピボット_2026年1-8月.xlsx（RawData）。性別はサイズから推定（39以下=W、40以上=M）。
F3: 配分グループ別 店舗シェア（月平均販売足数ベース）
A4: 店舗 | B4: モデル | C4: 性別(推定) | D4: 販売足数 | F4: 配分グループ | G4: 参考モデル | H4: K Village 月平均 | I4: Central CL (Chidlom) 月平均 | J4: Siam Discovery 月平均 | K4: Paradise Park 月平均 | L4: Central LP (Lardprao) 月平均 | M4: 合計 | N4: K Village シェア | O4: Central CL (Chidlom) シェア | P4: Siam Discovery シェア | Q4: Paradise Park シェア | R4: Central LP (Lardprao) シェア | S4: シェア×調整係数 の合計（正規化用）
A5: K Village | B5: VFF Spidrwalk | C5: M | D5: 30 | F5: Spidrwalk | G5: Spidrwalk | H5: =(SUMIFS(実績!$D$5:$D$64,実績!$A$5:$A$64,"K Village",実績!$B$5:$B$64,"VFF Spidrwalk",実績!$C$5:$C$64,"M")+SUMIFS(実績!$D$5:$D$64,実績!$A$5:$A$64,"K Village",実績!$B$5:$B$64,"VFF Spidrwalk",実績!$C$5:$C$64,"W"))/INDEX(設定!$B$12:$B$16,MATCH("K Village",設定!$A$12:$A$16,0)) -> 5 | I5: =(SUMIFS(実績!$D$5:$D$64,実績!$A$5:$A$64,"Central Chidlom",実績!$B$5:$B$64,"VFF Spidrwalk",実績!$C$5:$C$64,"M")+SUMIFS(実績!$D$5:$D$64,実績!$A$5:$A$64,"Central Chidlom",実績!$B$5:$B$64,"VFF Spidrwalk",実績!$C$5:$C$64,"W"))/INDEX(設定!$B$12:$B$16,MATCH("Central Chidlom",設定!$A$12:$A$16,0)) -> 3.25 | J5: =(SUMIFS(実績!$D$5:$D$64,実績!$A$5:$A$64,"Siam Discovery",実績!$B$5:$B$64,"VFF Spidrwalk",実績!$C$5:$C$64,"M")+SUMIFS(実績!$D$5:$D$64,実績!$A$5:$A$64,"Siam Discovery",実績!$B$5:$B$64,"VFF Spidrwalk",実績!$C$5:$C$64,"W"))/INDEX(設定!$B$12:$B$16,MATCH("Siam Discovery",設定!$A$12:$A$16,0)) -> 2.25 | K5: =(SUMIFS(実績!$D$5:$D$64,実績!$A$5:$A$64,"Paradise Park",実績!$B$5:$B$64,"VFF Spidrwalk",実績!$C$5:$C$64,"M")+SUMIFS(実績!$D$5:$D$64,実績!$A$5:$A$64,"Paradise Park",実績!$B$5:$B$64,"VFF Spidrwalk",実績!$C$5:$C$64,"W"))/INDEX(設定!$B$12:$B$16,MATCH("Paradise Park",設定!$A$12:$A$16,0)) -> 0.8 | L5: =(SUMIFS(実績!$D$5:$D$64,実績!$A$5:$A$64,"Central Lardprao (Dept.)",実績!$B$5:$B$64,"VFF Spidrwalk",実績!$C$5:$C$64,"M")+SUMIFS(実績!$D$5:$D$64,実績!$A$5:$A$64,"Central Lardprao (Dept.)",実績!$B$5:$B$64,"VFF Spidrwalk",実績!$C$5:$C$64,"W"))/INDEX(設定!$B$12:$B$16,MATCH("Central Lardprao (Dept.)",設定!$A$12:$A$16,0)) -> 0.5 | M5: =SUM(H5:L5) -> 11.8 | N5: =IF($M5=0,0,H5/$M5) -> 0.42372881 | O5: =IF($M5=0,0,I5/$M5) -> 0.27542373 | P5: =IF($M5=0,0,J5/$M5) -> 0.19067797 | Q5: =IF($M5=0,0,K5/$M5) -> 0.06779661 | R5: =IF($M5=0,0,L5/$M5) -> 0.042372881 | S5: =N5*INDEX(設定!$B$29:$B$33,1)+O5*INDEX(設定!$B$29:$B$33,2)+P5*INDEX(設定!$B$29:$B$33,3)+Q5*INDEX(設定!$B$29:$B$33,4)+R5*INDEX(設定!$B$29:$B$33,5) -> 1.0254237
A6: K Village | B6: VFF Spidrwalk | C6: W | D6: 10 | F6: TrailopeWP | G6: Trailope + Scramkey | H6: =(SUMIFS(実績!$D$5:$D$64,実績!$A$5:$A$64,"K Village",実績!$B$5:$B$64,"VFF Trailope",実績!$C$5:$C$64,"M")+SUMIFS(実績!$D$5:$D$64,実績!$A$5:$A$64,"K Village",実績!$B$5:$B$64,"VFF Trailope",実績!$C$5:$C$64,"W")+SUMIFS(実績!$D$5:$D$64,実績!$A$5:$A$64,"K Village",実績!$B$5:$B$64,"VFF Scramkey",実績!$C$5:$C$64,"M")+SUMIFS(実績!$D$5:$D$64,実績!$A$5:$A$64,"K Village",実績!$B$5:$B$64,"VFF Scramkey",実績!$C$5:$C$64,"W"))/INDEX(設定!$B$12:$B$16,MATCH("K Village",設定!$A$12:$A$16,0)) -> 3.5 | I6: =(SUMIFS(実績!$D$5:$D$64,実績!$A$5:$A$64,"Central Chidlom",実績!$B$5:$B$64,"VFF Trailope",実績!$C$5:$C$64,"M")+SUMIFS(実績!$D$5:$D$64,実績!$A$5:$A$64,"Central Chidlom",実績!$B$5:$B$64,"VFF Trailope",実績!$C$5:$C$64,"W")+SUMIFS(実績!$D$5:$D$64,実績!$A$5:$A$64,"Central Chidlom",実績!$B$5:$B$64,"VFF Scramkey",実績!$C$5:$C$64,"M")+SUMIFS(実績!$D$5:$D$64,実績!$A$5:$A$64,"Central Chidlom",実績!$B$5:$B$64,"VFF Scramkey",実績!$C$5:$C$64,"W"))/INDEX(設定!$B$12:$B$16,MATCH("Central Chidlom",設定!$A$12:$A$16,0)) -> 1.75 | J6: =(SUMIFS(実績!$D$5:$D$64,実績!$A$5:$A$64,"Siam Discovery",実績!$B$5:$B$64,"VFF Trailope",実績!$C$5:$C$64,"M")+SUMIFS(実績!$D$5:$D$64,実績!$A$5:$A$64,"Siam Discovery",実績!$B$5:$B$64,"VFF Trailope",実績!$C$5:$C$64,"W")+SUMIFS(実績!$D$5:$D$64,実績!$A$5:$A$64,"Siam Discovery",実績!$B$5:$B$64,"VFF Scramkey",実績!$C$5:$C$64,"M")+SUMIFS(実績!$D$5:$D$64,実績!$A$5:$A$64,"Siam Discovery",実績!$B$5:$B$64,"VFF Scramkey",実績!$C$5:$C$64,"W"))/INDEX(設定!$B$12:$B$16,MATCH("Siam Discovery",設定!$A$12:$A$16,0)) -> 1.75 | K6: =(SUMIFS(実績!$D$5:$D$64,実績!$A$5:$A$64,"Paradise Park",実績!$B$5:$B$64,"VFF Trailope",実績!$C$5:$C$64,"M")+SUMIFS(実績!$D$5:$D$64,実績!$A$5:$A$64,"Paradise Park",実績!$B$5:$B$64,"VFF Trailope",実績!$C$5:$C$64,"W")+SUMIFS(実績!$D$5:$D$64,実績!$A$5:$A$64,"Paradise Park",実績!$B$5:$B$64,"VFF Scramkey",実績!$C$5:$C$64,"M")+SUMIFS(実績!$D$5:$D$64,実績!$A$5:$A$64,"Paradise Park",実績!$B$5:$B$64,"VFF Scramkey",実績!$C$5:$C$64,"W"))/INDEX(設定!$B$12:$B$16,MATCH("Paradise Park",設定!$A$12:$A$16,0)) -> 2.2 | L6: =(SUMIFS(実績!$D$5:$D$64,実績!$A$5:$A$64,"Central Lardprao (Dept.)",実績!$B$5:$B$64,"VFF Trailope",実績!$C$5:$C$64,"M")+SUMIFS(実績!$D$5:$D$64,実績!$A$5:$A$64,"Central Lardprao (Dept.)",実績!$B$5:$B$64,"VFF Trailope",実績!$C$5:$C$64,"W")+SUMIFS(実績!$D$5:$D$64,実績!$A$5:$A$64,"Central Lardprao (Dept.)",実績!$B$5:$B$64,"VFF Scramkey",実績!$C$5:$C$64,"M")+SUMIFS(実績!$D$5:$D$64,実績!$A$5:$A$64,"Central Lardprao (Dept.)",実績!$B$5:$B$64,"VFF Scramkey",実績!$C$5:$C$64,"W"))/INDEX(設定!$B$12:$B$16,MATCH("Central Lardprao (Dept.)",設定!$A$12:$A$16,0)) -> 0.25 | M6: =SUM(H6:L6) -> 9.45 | N6: =IF($M6=0,0,H6/$M6) -> 0.37037037 | O6: =IF($M6=0,0,I6/$M6) -> 0.18518519 | P6: =IF($M6=0,0,J6/$M6) -> 0.18518519 | Q6: =IF($M6=0,0,K6/$M6) -> 0.23280423 | R6: =IF($M6=0,0,L6/$M6) -> 0.026455026 | S6: =N6*INDEX(設定!$B$29:$B$33,1)+O6*INDEX(設定!$B$29:$B$33,2)+P6*INDEX(設定!$B$29:$B$33,3)+Q6*INDEX(設定!$B$29:$B$33,4)+R6*INDEX(設定!$B$29:$B$33,5) -> 1.015873
A7: K Village | B7: VFF Trailope | C7: M | D7: 18 | F7: GLS_M | G7: Groundsplay + Graspifier + Kso Evo（M） | H7: =(SUMIFS(実績!$D$5:$D$64,実績!$A$5:$A$64,"K Village",実績!$B$5:$B$64,"VFF Groundsplay",実績!$C$5:$C$64,"M")+SUMIFS(実績!$D$5:$D$64,実績!$A$5:$A$64,"K Village",実績!$B$5:$B$64,"VFF Graspifier",実績!$C$5:$C$64,"M")+SUMIFS(実績!$D$5:$D$64,実績!$A$5:$A$64,"K Village",実績!$B$5:$B$64,"VFF Kso Evo",実績!$C$5:$C$64,"M"))/INDEX(設定!$B$12:$B$16,MATCH("K Village",設定!$A$12:$A$16,0)) -> 14.375 | I7: =(SUMIFS(実績!$D$5:$D$64,実績!$A$5:$A$64,"Central Chidlom",実績!$B$5:$B$64,"VFF Groundsplay",実績!$C$5:$C$64,"M")+SUMIFS(実績!$D$5:$D$64,実績!$A$5:$A$64,"Central Chidlom",実績!$B$5:$B$64,"VFF Graspifier",実績!$C$5:$C$64,"M")+SUMIFS(実績!$D$5:$D$64,実績!$A$5:$A$64,"Central Chidlom",実績!$B$5:$B$64,"VFF Kso Evo",実績!$C$5:$C$64,"M"))/INDEX(設定!$B$12:$B$16,MATCH("Central Chidlom",設定!$A$12:$A$16,0)) -> 5 | J7: =(SUMIFS(実績!$D$5:$D$64,実績!$A$5:$A$64,"Siam Discovery",実績!$B$5:$B$64,"VFF Groundsplay",実績!$C$5:$C$64,"M")+SUMIFS(実績!$D$5:$D$64,実績!$A$5:$A$64,"Siam Discovery",実績!$B$5:$B$64,"VFF Graspifier",実績!$C$5:$C$64,"M")+SUMIFS(実績!$D$5:$D$64,実績!$A$5:$A$64,"Siam Discovery",実績!$B$5:$B$64,"VFF Kso Evo",実績!$C$5:$C$64,"M"))/INDEX(設定!$B$12:$B$16,MATCH("Siam Discovery",設定!$A$12:$A$16,0)) -> 4.25 | K7: =(SUMIFS(実績!$D$5:$D$64,実績!$A$5:$A$64,"Paradise Park",実績!$B$5:$B$64,"VFF Groundsplay",実績!$C$5:$C$64,"M")+SUMIFS(実績!$D$5:$D$64,実績!$A$5:$A$64,"Paradise Park",実績!$B$5:$B$64,"VFF Graspifier",実績!$C$5:$C$64,"M")+SUMIFS(実績!$D$5:$D$64,実績!$A$5:$A$64,"Paradise Park",実績!$B$5:$B$64,"VFF Kso Evo",実績!$C$5:$C$64,"M"))/INDEX(設定!$B$12:$B$16,MATCH("Paradise Park",設定!$A$12:$A$16,0)) -> 4.8 | L7: =(SUMIFS(実績!$D$5:$D$64,実績!$A$5:$A$64,"Central Lardprao (Dept.)",実績!$B$5:$B$64,"VFF Groundsplay",実績!$C$5:$C$64,"M")+SUMIFS(実績!$D$5:$D$64,実績!$A$5:$A$64,"Central Lardprao (Dept.)",実績!$B$5:$B$64,"VFF Graspifier",実績!$C$5:$C$64,"M")+SUMIFS(実績!$D$5:$D$64,実績!$A$5:$A$64,"Central Lardprao (Dept.)",実績!$B$5:$B$64,"VFF Kso Evo",実績!$C$5:$C$64,"M"))/INDEX(設定!$B$12:$B$16,MATCH("Central Lardprao (Dept.)",設定!$A$12:$A$16,0)) -> 0.75 | M7: =SUM(H7:L7) -> 29.175 | N7: =IF($M7=0,0,H7/$M7) -> 0.49271637 | O7: =IF($M7=0,0,I7/$M7) -> 0.17137961 | P7: =IF($M7=0,0,J7/$M7) -> 0.14567266 | Q7: =IF($M7=0,0,K7/$M7) -> 0.16452442 | R7: =IF($M7=0,0,L7/$M7) -> 0.025706941 | S7: =N7*INDEX(設定!$B$29:$B$33,1)+O7*INDEX(設定!$B$29:$B$33,2)+P7*INDEX(設定!$B$29:$B$33,3)+Q7*INDEX(設定!$B$29:$B$33,4)+R7*INDEX(設定!$B$29:$B$33,5) -> 1.0154242
A8: K Village | B8: VFF Trailope | C8: W | D8: 0 | F8: GLS_W | G8: Groundsplay + Graspifier + Kso Evo（W） | H8: =(SUMIFS(実績!$D$5:$D$64,実績!$A$5:$A$64,"K Village",実績!$B$5:$B$64,"VFF Groundsplay",実績!$C$5:$C$64,"W")+SUMIFS(実績!$D$5:$D$64,実績!$A$5:$A$64,"K Village",実績!$B$5:$B$64,"VFF Graspifier",実績!$C$5:$C$64,"W")+SUMIFS(実績!$D$5:$D$64,実績!$A$5:$A$64,"K Village",実績!$B$5:$B$64,"VFF Kso Evo",実績!$C$5:$C$64,"W"))/INDEX(設定!$B$12:$B$16,MATCH("K Village",設定!$A$12:$A$16,0)) -> 5.25 | I8: =(SUMIFS(実績!$D$5:$D$64,実績!$A$5:$A$64,"Central Chidlom",実績!$B$5:$B$64,"VFF Groundsplay",実績!$C$5:$C$64,"W")+SUMIFS(実績!$D$5:$D$64,実績!$A$5:$A$64,"Central Chidlom",実績!$B$5:$B$64,"VFF Graspifier",実績!$C$5:$C$64,"W")+SUMIFS(実績!$D$5:$D$64,実績!$A$5:$A$64,"Central Chidlom",実績!$B$5:$B$64,"VFF Kso Evo",実績!$C$5:$C$64,"W"))/INDEX(設定!$B$12:$B$16,MATCH("Central Chidlom",設定!$A$12:$A$16,0)) -> 2.125 | J8: =(SUMIFS(実績!$D$5:$D$64,実績!$A$5:$A$64,"Siam Discovery",実績!$B$5:$B$64,"VFF Groundsplay",実績!$C$5:$C$64,"W")+SUMIFS(実績!$D$5:$D$64,実績!$A$5:$A$64,"Siam Discovery",実績!$B$5:$B$64,"VFF Graspifier",実績!$C$5:$C$64,"W")+SUMIFS(実績!$D$5:$D$64,実績!$A$5:$A$64,"Siam Discovery",実績!$B$5:$B$64,"VFF Kso Evo",実績!$C$5:$C$64,"W"))/INDEX(設定!$B$12:$B$16,MATCH("Siam Discovery",設定!$A$12:$A$16,0)) -> 1.375 | K8: =(SUMIFS(実績!$D$5:$D$64,実績!$A$5:$A$64,"Paradise Park",実績!$B$5:$B$64,"VFF Groundsplay",実績!$C$5:$C$64,"W")+SUMIFS(実績!$D$5:$D$64,実績!$A$5:$A$64,"Paradise Park",実績!$B$5:$B$64,"VFF Graspifier",実績!$C$5:$C$64,"W")+SUMIFS(実績!$D$5:$D$64,実績!$A$5:$A$64,"Paradise Park",実績!$B$5:$B$64,"VFF Kso Evo",実績!$C$5:$C$64,"W"))/INDEX(設定!$B$12:$B$16,MATCH("Paradise Park",設定!$A$12:$A$16,0)) -> 1.6 | L8: =(SUMIFS(実績!$D$5:$D$64,実績!$A$5:$A$64,"Central Lardprao (Dept.)",実績!$B$5:$B$64,"VFF Groundsplay",実績!$C$5:$C$64,"W")+SUMIFS(実績!$D$5:$D$64,実績!$A$5:$A$64,"Central Lardprao (Dept.)",実績!$B$5:$B$64,"VFF Graspifier",実績!$C$5:$C$64,"W")+SUMIFS(実績!$D$5:$D$64,実績!$A$5:$A$64,"Central Lardprao (Dept.)",実績!$B$5:$B$64,"VFF Kso Evo",実績!$C$5:$C$64,"W"))/INDEX(設定!$B$12:$B$16,MATCH("Central Lardprao (Dept.)",設定!$A$12:$A$16,0)) -> 0 | M8: =SUM(H8:L8) -> 10.35 | N8: =IF($M8=0,0,H8/$M8) -> 0.50724638 | O8: =IF($M8=0,0,I8/$M8) -> 0.20531401 | P8: =IF($M8=0,0,J8/$M8) -> 0.13285024 | Q8: =IF($M8=0,0,K8/$M8) -> 0.15458937 | R8: =IF($M8=0,0,L8/$M8) -> 0 | S8: =N8*INDEX(設定!$B$29:$B$33,1)+O8*INDEX(設定!$B$29:$B$33,2)+P8*INDEX(設定!$B$29:$B$33,3)+Q8*INDEX(設定!$B$29:$B$33,4)+R8*INDEX(設定!$B$29:$B$33,5) -> 1
A9: K Village | B9: VFF Scramkey | C9: M | D9: 9
A10: K Village | B10: VFF Scramkey | C10: W | D10: 1
A11: K Village | B11: VFF Groundsplay | C11: M | D11: 10 | F11: （参考）店舗別 参考6モデル合計足数と月平均
A12: K Village | B12: VFF Groundsplay | C12: W | D12: 0 | F12: 店舗 | G12: 合計足数 | H12: 月数 | I12: 月平均
A13: K Village | B13: VFF Graspifier | C13: M | D13: 21 | F13: K Village | G13: =SUMIFS(実績!$D$5:$D$64,実績!$A$5:$A$64,"K Village") -> 225 | H13: =INDEX(設定!$B$12:$B$16,MATCH("K Village",設定!$A$12:$A$16,0)) -> 8 | I13: =G13/H13 -> 28.125
A14: K Village | B14: VFF Graspifier | C14: W | D14: 12 | F14: Central CL (Chidlom) | G14: =SUMIFS(実績!$D$5:$D$64,実績!$A$5:$A$64,"Central Chidlom") -> 97 | H14: =INDEX(設定!$B$12:$B$16,MATCH("Central Chidlom",設定!$A$12:$A$16,0)) -> 8 | I14: =G14/H14 -> 12.125
A15: K Village | B15: VFF Kso Evo | C15: M | D15: 84 | F15: Siam Discovery | G15: =SUMIFS(実績!$D$5:$D$64,実績!$A$5:$A$64,"Siam Discovery") -> 77 | H15: =INDEX(設定!$B$12:$B$16,MATCH("Siam Discovery",設定!$A$12:$A$16,0)) -> 8 | I15: =G15/H15 -> 9.625
A16: K Village | B16: VFF Kso Evo | C16: W | D16: 30 | F16: Paradise Park | G16: =SUMIFS(実績!$D$5:$D$64,実績!$A$5:$A$64,"Paradise Park") -> 47 | H16: =INDEX(設定!$B$12:$B$16,MATCH("Paradise Park",設定!$A$12:$A$16,0)) -> 5 | I16: =G16/H16 -> 9.4
A17: Central Chidlom | B17: VFF Spidrwalk | C17: M | D17: 19 | F17: Central LP (Lardprao) | G17: =SUMIFS(実績!$D$5:$D$64,実績!$A$5:$A$64,"Central Lardprao (Dept.)") -> 12 | H17: =INDEX(設定!$B$12:$B$16,MATCH("Central Lardprao (Dept.)",設定!$A$12:$A$16,0)) -> 8 | I17: =G17/H17 -> 1.5
A18: Central Chidlom | B18: VFF Spidrwalk | C18: W | D18: 7
A19: Central Chidlom | B19: VFF Trailope | C19: M | D19: 12
A20: Central Chidlom | B20: VFF Trailope | C20: W | D20: 0
A21: Central Chidlom | B21: VFF Scramkey | C21: M | D21: 1
A22: Central Chidlom | B22: VFF Scramkey | C22: W | D22: 1
A23: Central Chidlom | B23: VFF Groundsplay | C23: M | D23: 1
A24: Central Chidlom | B24: VFF Groundsplay | C24: W | D24: 0
A25: Central Chidlom | B25: VFF Graspifier | C25: M | D25: 15
A26: Central Chidlom | B26: VFF Graspifier | C26: W | D26: 9
A27: Central Chidlom | B27: VFF Kso Evo | C27: M | D27: 24
A28: Central Chidlom | B28: VFF Kso Evo | C28: W | D28: 8
A29: Siam Discovery | B29: VFF Spidrwalk | C29: M | D29: 14
... A64: Central Lardprao (Dept.) | B64: VFF Kso Evo | C64: W | D64: 0

Sheet 配分表
A1: 新入荷商品 店舗別配分表
A2: 店舗配分 = MIN( 1SKU上限 , MAX( 最低配分 , ROUND( 入荷数×投入率 × 正規化シェア(店舗シェア×調整係数) ) ) ) ＋ 手動調整（S〜W列）。上限で頭打ちになった分はOffice保留に回る。倉庫保留 = 入荷数 − 店舗合計。
S3: 手動調整（±足）：数式の結果に加減する例外分。空欄＝調整なし
A4: モデル | B4: カラー | C4: サイズ | D4: 性別 | E4: サイズ区分 | F4: 入荷数 | G4: 初回投入率 | H4: 初回投入数 | I4: 配分グループ | J4: K Village | K4: Central CL (Chidlom) | L4: Siam Discovery | M4: Paradise Park | N4: Central LP (Lardprao) | O4: 店舗合計 | P4: 倉庫保留 | Q4: チェック | S4: 調整 K Village | T4: 調整 Central CL | U4: 調整 Siam Discovery | V4: 調整 Paradise Park | W4: 調整 Central LP
A5: VFF Spidrwalk | B5: Brown/Black | C5: M40 | D5: =LEFT(C5,1) -> M | E5: 端 | F5: 9 | G5: =INDEX(設定!$B$6:$B$8,MATCH(A5,設定!$A$6:$A$8,0)) -> 0.26 | H5: =ROUND(F5*G5,0) -> 2 | I5: =IF(A5="VFF Spidrwalk","Spidrwalk",IF(A5="VFF Trailope WP","TrailopeWP","GLS_"&D5)) -> Spidrwalk | J5: =MIN(INDEX(設定!$E$20:$E$24,MATCH("K Village",設定!$A$20:$A$24,0)),MAX(INDEX(設定!$B$20:$D$24,MATCH("K Village",設定!$A$20:$A$24,0),MATCH($E5,設定!$B$19:$D$19,0)),ROUND($H5*INDEX(実績!$N$5:$R$8,MATCH($I5,実績!$F$5:$F$8,0),1)*INDEX(設定!$B$29:$B$33,MATCH("K Village",設定!$A$29:$A$33,0))/INDEX(実績!$S$5:$S$8,MATCH($I5,実績!$F$5:$F$8,0))/設定!$B$36,0)*設定!$B$36))+S5 -> 1 | K5: =MIN(INDEX(設定!$E$20:$E$24,MATCH("Central Chidlom",設定!$A$20:$A$24,0)),MAX(INDEX(設定!$B$20:$D$24,MATCH("Central Chidlom",設定!$A$20:$A$24,0),MATCH($E5,設定!$B$19:$D$19,0)),ROUND($H5*INDEX(実績!$N$5:$R$8,MATCH($I5,実績!$F$5:$F$8,0),2)*INDEX(設定!$B$29:$B$33,MATCH("Central Chidlom",設定!$A$29:$A$33,0))/INDEX(実績!$S$5:$S$8,MATCH($I5,実績!$F$5:$F$8,0))/設定!$B$36,0)*設定!$B$36))+T5 -> 1 | L5: =MIN(INDEX(設定!$E$20:$E$24,MATCH("Siam Discovery",設定!$A$20:$A$24,0)),MAX(INDEX(設定!$B$20:$D$24,MATCH("Siam Discovery",設定!$A$20:$A$24,0),MATCH($E5,設定!$B$19:$D$19,0)),ROUND($H5*INDEX(実績!$N$5:$R$8,MATCH($I5,実績!$F$5:$F$8,0),3)*INDEX(設定!$B$29:$B$33,MATCH("Siam Discovery",設定!$A$29:$A$33,0))/INDEX(実績!$S$5:$S$8,MATCH($I5,実績!$F$5:$F$8,0))/設定!$B$36,0)*設定!$B$36))+U5 -> 1 | M5: =MIN(INDEX(設定!$E$20:$E$24,MATCH("Paradise Park",設定!$A$20:$A$24,0)),MAX(INDEX(設定!$B$20:$D$24,MATCH("Paradise Park",設定!$A$20:$A$24,0),MATCH($E5,設定!$B$19:$D$19,0)),ROUND($H5*INDEX(実績!$N$5:$R$8,MATCH($I5,実績!$F$5:$F$8,0),4)*INDEX(設定!$B$29:$B$33,MATCH("Paradise Park",設定!$A$29:$A$33,0))/INDEX(実績!$S$5:$S$8,MATCH($I5,実績!$F$5:$F$8,0))/設定!$B$36,0)*設定!$B$36))+V5 -> 1 | N5: =MIN(INDEX(設定!$E$20:$E$24,MATCH("Central Lardprao (Dept.)",設定!$A$20:$A$24,0)),MAX(INDEX(設定!$B$20:$D$24,MATCH("Central Lardprao (Dept.)",設定!$A$20:$A$24,0),MATCH($E5,設定!$B$19:$D$19,0)),ROUND($H5*INDEX(実績!$N$5:$R$8,MATCH($I5,実績!$F$5:$F$8,0),5)*INDEX(設定!$B$29:$B$33,MATCH("Central Lardprao (Dept.)",設定!$A$29:$A$33,0))/INDEX(実績!$S$5:$S$8,MATCH($I5,実績!$F$5:$F$8,0))/設定!$B$36,0)*設定!$B$36))+W5 -> 0 | O5: =SUM(J5:N5) -> 4 | P5: =F5-O5 -> 5 | Q5: =IF(P5<0,"入荷数超過→要調整","") | V5: 1
A6: VFF Spidrwalk | B6: Brown/Black | C6: M41 | D6: =LEFT(C6,1) -> M | E6: 主要 | F6: 12 | G6: =INDEX(設定!$B$6:$B$8,MATCH(A6,設定!$A$6:$A$8,0)) -> 0.26 | H6: =ROUND(F6*G6,0) -> 3 | I6: =IF(A6="VFF Spidrwalk","Spidrwalk",IF(A6="VFF Trailope WP","TrailopeWP","GLS_"&D6)) -> Spidrwalk | J6: =MIN(INDEX(設定!$E$20:$E$24,MATCH("K Village",設定!$A$20:$A$24,0)),MAX(INDEX(設定!$B$20:$D$24,MATCH("K Village",設定!$A$20:$A$24,0),MATCH($E6,設定!$B$19:$D$19,0)),ROUND($H6*INDEX(実績!$N$5:$R$8,MATCH($I6,実績!$F$5:$F$8,0),1)*INDEX(設定!$B$29:$B$33,MATCH("K Village",設定!$A$29:$A$33,0))/INDEX(実績!$S$5:$S$8,MATCH($I6,実績!$F$5:$F$8,0))/設定!$B$36,0)*設定!$B$36))+S6 -> 2 | K6: =MIN(INDEX(設定!$E$20:$E$24,MATCH("Central Chidlom",設定!$A$20:$A$24,0)),MAX(INDEX(設定!$B$20:$D$24,MATCH("Central Chidlom",設定!$A$20:$A$24,0),MATCH($E6,設定!$B$19:$D$19,0)),ROUND($H6*INDEX(実績!$N$5:$R$8,MATCH($I6,実績!$F$5:$F$8,0),2)*INDEX(設定!$B$29:$B$33,MATCH("Central Chidlom",設定!$A$29:$A$33,0))/INDEX(実績!$S$5:$S$8,MATCH($I6,実績!$F$5:$F$8,0))/設定!$B$36,0)*設定!$B$36))+T6 -> 1 | L6: =MIN(INDEX(設定!$E$20:$E$24,MATCH("Siam Discovery",設定!$A$20:$A$24,0)),MAX(INDEX(設定!$B$20:$D$24,MATCH("Siam Discovery",設定!$A$20:$A$24,0),MATCH($E6,設定!$B$19:$D$19,0)),ROUND($H6*INDEX(実績!$N$5:$R$8,MATCH($I6,実績!$F$5:$F$8,0),3)*INDEX(設定!$B$29:$B$33,MATCH("Siam Discovery",設定!$A$29:$A$33,0))/INDEX(実績!$S$5:$S$8,MATCH($I6,実績!$F$5:$F$8,0))/設定!$B$36,0)*設定!$B$36))+U6 -> 1 | M6: =MIN(INDEX(設定!$E$20:$E$24,MATCH("Paradise Park",設定!$A$20:$A$24,0)),MAX(INDEX(設定!$B$20:$D$24,MATCH("Paradise Park",設定!$A$20:$A$24,0),MATCH($E6,設定!$B$19:$D$19,0)),ROUND($H6*INDEX(実績!$N$5:$R$8,MATCH($I6,実績!$F$5:$F$8,0),4)*INDEX(設定!$B$29:$B$33,MATCH("Paradise Park",設定!$A$29:$A$33,0))/INDEX(実績!$S$5:$S$8,MATCH($I6,実績!$F$5:$F$8,0))/設定!$B$36,0)*設定!$B$36))+V6 -> 1 | N6: =MIN(INDEX(設定!$E$20:$E$24,MATCH("Central Lardprao (Dept.)",設定!$A$20:$A$24,0)),MAX(INDEX(設定!$B$20:$D$24,MATCH("Central Lardprao (Dept.)",設定!$A$20:$A$24,0),MATCH($E6,設定!$B$19:$D$19,0)),ROUND($H6*INDEX(実績!$N$5:$R$8,MATCH($I6,実績!$F$5:$F$8,0),5)*INDEX(設定!$B$29:$B$33,MATCH("Central Lardprao (Dept.)",設定!$A$29:$A$33,0))/INDEX(実績!$S$5:$S$8,MATCH($I6,実績!$F$5:$F$8,0))/設定!$B$36,0)*設定!$B$36))+W6 -> 0 | O6: =SUM(J6:N6) -> 5 | P6: =F6-O6 -> 7 | Q6: =IF(P6<0,"入荷数超過→要調整","")
A7: VFF Spidrwalk | B7: Brown/Black | C7: M42 | D7: =LEFT(C7,1) -> M | E7: 主要 | F7: 21 | G7: =INDEX(設定!$B$6:$B$8,MATCH(A7,設定!$A$6:$A$8,0)) -> 0.26 | H7: =ROUND(F7*G7,0) -> 5 | I7: =IF(A7="VFF Spidrwalk","Spidrwalk",IF(A7="VFF Trailope WP","TrailopeWP","GLS_"&D7)) -> Spidrwalk | J7: =MIN(INDEX(設定!$E$20:$E$24,MATCH("K Village",設定!$A$20:$A$24,0)),MAX(INDEX(設定!$B$20:$D$24,MATCH("K Village",設定!$A$20:$A$24,0),MATCH($E7,設定!$B$19:$D$19,0)),ROUND($H7*INDEX(実績!$N$5:$R$8,MATCH($I7,実績!$F$5:$F$8,0),1)*INDEX(設定!$B$29:$B$33,MATCH("K Village",設定!$A$29:$A$33,0))/INDEX(実績!$S$5:$S$8,MATCH($I7,実績!$F$5:$F$8,0))/設定!$B$36,0)*設定!$B$36))+S7 -> 2 | K7: =MIN(INDEX(設定!$E$20:$E$24,MATCH("Central Chidlom",設定!$A$20:$A$24,0)),MAX(INDEX(設定!$B$20:$D$24,MATCH("Central Chidlom",設定!$A$20:$A$24,0),MATCH($E7,設定!$B$19:$D$19,0)),ROUND($H7*INDEX(実績!$N$5:$R$8,MATCH($I7,実績!$F$5:$F$8,0),2)*INDEX(設定!$B$29:$B$33,MATCH("Central Chidlom",設定!$A$29:$A$33,0))/INDEX(実績!$S$5:$S$8,MATCH($I7,実績!$F$5:$F$8,0))/設定!$B$36,0)*設定!$B$36))+T7 -> 1 | L7: =MIN(INDEX(設定!$E$20:$E$24,MATCH("Siam Discovery",設定!$A$20:$A$24,0)),MAX(INDEX(設定!$B$20:$D$24,MATCH("Siam Discovery",設定!$A$20:$A$24,0),MATCH($E7,設定!$B$19:$D$19,0)),ROUND($H7*INDEX(実績!$N$5:$R$8,MATCH($I7,実績!$F$5:$F$8,0),3)*INDEX(設定!$B$29:$B$33,MATCH("Siam Discovery",設定!$A$29:$A$33,0))/INDEX(実績!$S$5:$S$8,MATCH($I7,実績!$F$5:$F$8,0))/設定!$B$36,0)*設定!$B$36))+U7 -> 1 | M7: =MIN(INDEX(設定!$E$20:$E$24,MATCH("Paradise Park",設定!$A$20:$A$24,0)),MAX(INDEX(設定!$B$20:$D$24,MATCH("Paradise Park",設定!$A$20:$A$24,0),MATCH($E7,設定!$B$19:$D$19,0)),ROUND($H7*INDEX(実績!$N$5:$R$8,MATCH($I7,実績!$F$5:$F$8,0),4)*INDEX(設定!$B$29:$B$33,MATCH("Paradise Park",設定!$A$29:$A$33,0))/INDEX(実績!$S$5:$S$8,MATCH($I7,実績!$F$5:$F$8,0))/設定!$B$36,0)*設定!$B$36))+V7 -> 1 | N7: =MIN(INDEX(設定!$E$20:$E$24,MATCH("Central Lardprao (Dept.)",設定!$A$20:$A$24,0)),MAX(INDEX(設定!$B$20:$D$24,MATCH("Central Lardprao (Dept.)",設定!$A$20:$A$24,0),MATCH($E7,設定!$B$19:$D$19,0)),ROUND($H7*INDEX(実績!$N$5:$R$8,MATCH($I7,実績!$F$5:$F$8,0),5)*INDEX(設定!$B$29:$B$33,MATCH("Central Lardprao (Dept.)",設定!$A$29:$A$33,0))/INDEX(実績!$S$5:$S$8,MATCH($I7,実績!$F$5:$F$8,0))/設定!$B$36,0)*設定!$B$36))+W7 -> 0 | O7: =SUM(J7:N7) -> 5 | P7: =F7-O7 -> 16 | Q7: =IF(P7<0,"入荷数超過→要調整","")
A8: VFF Spidrwalk | B8: Brown/Black | C8: M43 | D8: =LEFT(C8,1) -> M | E8: 主要 | F8: 24 | G8: =INDEX(設定!$B$6:$B$8,MATCH(A8,設定!$A$6:$A$8,0)) -> 0.26 | H8: =ROUND(F8*G8,0) -> 6 | I8: =IF(A8="VFF Spidrwalk","Spidrwalk",IF(A8="VFF Trailope WP","TrailopeWP","GLS_"&D8)) -> Spidrwalk | J8: =MIN(INDEX(設定!$E$20:$E$24,MATCH("K Village",設定!$A$20:$A$24,0)),MAX(INDEX(設定!$B$20:$D$24,MATCH("K Village",設定!$A$20:$A$24,0),MATCH($E8,設定!$B$19:$D$19,0)),ROUND($H8*INDEX(実績!$N$5:$R$8,MATCH($I8,実績!$F$5:$F$8,0),1)*INDEX(設定!$B$29:$B$33,MATCH("K Village",設定!$A$29:$A$33,0))/INDEX(実績!$S$5:$S$8,MATCH($I8,実績!$F$5:$F$8,0))/設定!$B$36,0)*設定!$B$36))+S8 -> 2 | K8: =MIN(INDEX(設定!$E$20:$E$24,MATCH("Central Chidlom",設定!$A$20:$A$24,0)),MAX(INDEX(設定!$B$20:$D$24,MATCH("Central Chidlom",設定!$A$20:$A$24,0),MATCH($E8,設定!$B$19:$D$19,0)),ROUND($H8*INDEX(実績!$N$5:$R$8,MATCH($I8,実績!$F$5:$F$8,0),2)*INDEX(設定!$B$29:$B$33,MATCH("Central Chidlom",設定!$A$29:$A$33,0))/INDEX(実績!$S$5:$S$8,MATCH($I8,実績!$F$5:$F$8,0))/設定!$B$36,0)*設定!$B$36))+T8 -> 2 | L8: =MIN(INDEX(設定!$E$20:$E$24,MATCH("Siam Discovery",設定!$A$20:$A$24,0)),MAX(INDEX(設定!$B$20:$D$24,MATCH("Siam Discovery",設定!$A$20:$A$24,0),MATCH($E8,設定!$B$19:$D$19,0)),ROUND($H8*INDEX(実績!$N$5:$R$8,MATCH($I8,実績!$F$5:$F$8,0),3)*INDEX(設定!$B$29:$B$33,MATCH("Siam Discovery",設定!$A$29:$A$33,0))/INDEX(実績!$S$5:$S$8,MATCH($I8,実績!$F$5:$F$8,0))/設定!$B$36,0)*設定!$B$36))+U8 -> 1 | M8: =MIN(INDEX(設定!$E$20:$E$24,MATCH("Paradise Park",設定!$A$20:$A$24,0)),MAX(INDEX(設定!$B$20:$D$24,MATCH("Paradise Park",設定!$A$20:$A$24,0),MATCH($E8,設定!$B$19:$D$19,0)),ROUND($H8*INDEX(実績!$N$5:$R$8,MATCH($I8,実績!$F$5:$F$8,0),4)*INDEX(設定!$B$29:$B$33,MATCH("Paradise Park",設定!$A$29:$A$33,0))/INDEX(実績!$S$5:$S$8,MATCH($I8,実績!$F$5:$F$8,0))/設定!$B$36,0)*設定!$B$36))+V8 -> 1 | N8: =MIN(INDEX(設定!$E$20:$E$24,MATCH("Central Lardprao (Dept.)",設定!$A$20:$A$24,0)),MAX(INDEX(設定!$B$20:$D$24,MATCH("Central Lardprao (Dept.)",設定!$A$20:$A$24,0),MATCH($E8,設定!$B$19:$D$19,0)),ROUND($H8*INDEX(実績!$N$5:$R$8,MATCH($I8,実績!$F$5:$F$8,0),5)*INDEX(設定!$B$29:$B$33,MATCH("Central Lardprao (Dept.)",設定!$A$29:$A$33,0))/INDEX(実績!$S$5:$S$8,MATCH($I8,実績!$F$5:$F$8,0))/設定!$B$36,0)*設定!$B$36))+W8 -> 0 | O8: =SUM(J8:N8) -> 6 | P8: =F8-O8 -> 18 | Q8: =IF(P8<0,"入荷数超過→要調整","")
A9: VFF Spidrwalk | B9: Brown/Black | C9: M44 | D9: =LEFT(C9,1) -> M | E9: 主要 | F9: 15 | G9: =INDEX(設定!$B$6:$B$8,MATCH(A9,設定!$A$6:$A$8,0)) -> 0.26 | H9: =ROUND(F9*G9,0) -> 4 | I9: =IF(A9="VFF Spidrwalk","Spidrwalk",IF(A9="VFF Trailope WP","TrailopeWP","GLS_"&D9)) -> Spidrwalk | J9: =MIN(INDEX(設定!$E$20:$E$24,MATCH("K Village",設定!$A$20:$A$24,0)),MAX(INDEX(設定!$B$20:$D$24,MATCH("K Village",設定!$A$20:$A$24,0),MATCH($E9,設定!$B$19:$D$19,0)),ROUND($H9*INDEX(実績!$N$5:$R$8,MATCH($I9,実績!$F$5:$F$8,0),1)*INDEX(設定!$B$29:$B$33,MATCH("K Village",設定!$A$29:$A$33,0))/INDEX(実績!$S$5:$S$8,MATCH($I9,実績!$F$5:$F$8,0))/設定!$B$36,0)*設定!$B$36))+S9 -> 2 | K9: =MIN(INDEX(設定!$E$20:$E$24,MATCH("Central Chidlom",設定!$A$20:$A$24,0)),MAX(INDEX(設定!$B$20:$D$24,MATCH("Central Chidlom",設定!$A$20:$A$24,0),MATCH($E9,設定!$B$19:$D$19,0)),ROUND($H9*INDEX(実績!$N$5:$R$8,MATCH($I9,実績!$F$5:$F$8,0),2)*INDEX(設定!$B$29:$B$33,MATCH("Central Chidlom",設定!$A$29:$A$33,0))/INDEX(実績!$S$5:$S$8,MATCH($I9,実績!$F$5:$F$8,0))/設定!$B$36,0)*設定!$B$36))+T9 -> 1 | L9: =MIN(INDEX(設定!$E$20:$E$24,MATCH("Siam Discovery",設定!$A$20:$A$24,0)),MAX(INDEX(設定!$B$20:$D$24,MATCH("Siam Discovery",設定!$A$20:$A$24,0),MATCH($E9,設定!$B$19:$D$19,0)),ROUND($H9*INDEX(実績!$N$5:$R$8,MATCH($I9,実績!$F$5:$F$8,0),3)*INDEX(設定!$B$29:$B$33,MATCH("Siam Discovery",設定!$A$29:$A$33,0))/INDEX(実績!$S$5:$S$8,MATCH($I9,実績!$F$5:$F$8,0))/設定!$B$36,0)*設定!$B$36))+U9 -> 1 | M9: =MIN(INDEX(設定!$E$20:$E$24,MATCH("Paradise Park",設定!$A$20:$A$24,0)),MAX(INDEX(設定!$B$20:$D$24,MATCH("Paradise Park",設定!$A$20:$A$24,0),MATCH($E9,設定!$B$19:$D$19,0)),ROUND($H9*INDEX(実績!$N$5:$R$8,MATCH($I9,実績!$F$5:$F$8,0),4)*INDEX(設定!$B$29:$B$33,MATCH("Paradise Park",設定!$A$29:$A$33,0))/INDEX(実績!$S$5:$S$8,MATCH($I9,実績!$F$5:$F$8,0))/設定!$B$36,0)*設定!$B$36))+V9 -> 1 | N9: =MIN(INDEX(設定!$E$20:$E$24,MATCH("Central Lardprao (Dept.)",設定!$A$20:$A$24,0)),MAX(INDEX(設定!$B$20:$D$24,MATCH("Central Lardprao (Dept.)",設定!$A$20:$A$24,0),MATCH($E9,設定!$B$19:$D$19,0)),ROUND($H9*INDEX(実績!$N$5:$R$8,MATCH($I9,実績!$F$5:$F$8,0),5)*INDEX(設定!$B$29:$B$33,MATCH("Central Lardprao (Dept.)",設定!$A$29:$A$33,0))/INDEX(実績!$S$5:$S$8,MATCH($I9,実績!$F$5:$F$8,0))/設定!$B$36,0)*設定!$B$36))+W9 -> 0 | O9: =SUM(J9:N9) -> 5 | P9: =F9-O9 -> 10 | Q9: =IF(P9<0,"入荷数超過→要調整","")
A10: VFF Spidrwalk | B10: Brown/Black | C10: M45 | D10: =LEFT(C10,1) -> M | E10: 端 | F10: 12 | G10: =INDEX(設定!$B$6:$B$8,MATCH(A10,設定!$A$6:$A$8,0)) -> 0.26 | H10: =ROUND(F10*G10,0) -> 3 | I10: =IF(A10="VFF Spidrwalk","Spidrwalk",IF(A10="VFF Trailope WP","TrailopeWP","GLS_"&D10)) -> Spidrwalk | J10: =MIN(INDEX(設定!$E$20:$E$24,MATCH("K Village",設定!$A$20:$A$24,0)),MAX(INDEX(設定!$B$20:$D$24,MATCH("K Village",設定!$A$20:$A$24,0),MATCH($E10,設定!$B$19:$D$19,0)),ROUND($H10*INDEX(実績!$N$5:$R$8,MATCH($I10,実績!$F$5:$F$8,0),1)*INDEX(設定!$B$29:$B$33,MATCH("K Village",設定!$A$29:$A$33,0))/INDEX(実績!$S$5:$S$8,MATCH($I10,実績!$F$5:$F$8,0))/設定!$B$36,0)*設定!$B$36))+S10 -> 1 | K10: =MIN(INDEX(設定!$E$20:$E$24,MATCH("Central Chidlom",設定!$A$20:$A$24,0)),MAX(INDEX(設定!$B$20:$D$24,MATCH("Central Chidlom",設定!$A$20:$A$24,0),MATCH($E10,設定!$B$19:$D$19,0)),ROUND($H10*INDEX(実績!$N$5:$R$8,MATCH($I10,実績!$F$5:$F$8,0),2)*INDEX(設定!$B$29:$B$33,MATCH("Central Chidlom",設定!$A$29:$A$33,0))/INDEX(実績!$S$5:$S$8,MATCH($I10,実績!$F$5:$F$8,0))/設定!$B$36,0)*設定!$B$36))+T10 -> 1 | L10: =MIN(INDEX(設定!$E$20:$E$24,MATCH("Siam Discovery",設定!$A$20:$A$24,0)),MAX(INDEX(設定!$B$20:$D$24,MATCH("Siam Discovery",設定!$A$20:$A$24,0),MATCH($E10,設定!$B$19:$D$19,0)),ROUND($H10*INDEX(実績!$N$5:$R$8,MATCH($I10,実績!$F$5:$F$8,0),3)*INDEX(設定!$B$29:$B$33,MATCH("Siam Discovery",設定!$A$29:$A$33,0))/INDEX(実績!$S$5:$S$8,MATCH($I10,実績!$F$5:$F$8,0))/設定!$B$36,0)*設定!$B$36))+U10 -> 1 | M10: =MIN(INDEX(設定!$E$20:$E$24,MATCH("Paradise Park",設定!$A$20:$A$24,0)),MAX(INDEX(設定!$B$20:$D$24,MATCH("Paradise Park",設定!$A$20:$A$24,0),MATCH($E10,設定!$B$19:$D$19,0)),ROUND($H10*INDEX(実績!$N$5:$R$8,MATCH($I10,実績!$F$5:$F$8,0),4)*INDEX(設定!$B$29:$B$33,MATCH("Paradise Park",設定!$A$29:$A$33,0))/INDEX(実績!$S$5:$S$8,MATCH($I10,実績!$F$5:$F$8,0))/設定!$B$36,0)*設定!$B$36))+V10 -> 0 | N10: =MIN(INDEX(設定!$E$20:$E$24,MATCH("Central Lardprao (Dept.)",設定!$A$20:$A$24,0)),MAX(INDEX(設定!$B$20:$D$24,MATCH("Central Lardprao (Dept.)",設定!$A$20:$A$24,0),MATCH($E10,設定!$B$19:$D$19,0)),ROUND($H10*INDEX(実績!$N$5:$R$8,MATCH($I10,実績!$F$5:$F$8,0),5)*INDEX(設定!$B$29:$B$33,MATCH("Central Lardprao (Dept.)",設定!$A$29:$A$33,0))/INDEX(実績!$S$5:$S$8,MATCH($I10,実績!$F$5:$F$8,0))/設定!$B$36,0)*設定!$B$36))+W10 -> 0 | O10: =SUM(J10:N10) -> 3 | P10: =F10-O10 -> 9 | Q10: =IF(P10<0,"入荷数超過→要調整","")
A11: VFF Spidrwalk | B11: Brown/Black | C11: M46 | D11: =LEFT(C11,1) -> M | E11: 端 | F11: 9 | G11: =INDEX(設定!$B$6:$B$8,MATCH(A11,設定!$A$6:$A$8,0)) -> 0.26 | H11: =ROUND(F11*G11,0) -> 2 | I11: =IF(A11="VFF Spidrwalk","Spidrwalk",IF(A11="VFF Trailope WP","TrailopeWP","GLS_"&D11)) -> Spidrwalk | J11: =MIN(INDEX(設定!$E$20:$E$24,MATCH("K Village",設定!$A$20:$A$24,0)),MAX(INDEX(設定!$B$20:$D$24,MATCH("K Village",設定!$A$20:$A$24,0),MATCH($E11,設定!$B$19:$D$19,0)),ROUND($H11*INDEX(実績!$N$5:$R$8,MATCH($I11,実績!$F$5:$F$8,0),1)*INDEX(設定!$B$29:$B$33,MATCH("K Village",設定!$A$29:$A$33,0))/INDEX(実績!$S$5:$S$8,MATCH($I11,実績!$F$5:$F$8,0))/設定!$B$36,0)*設定!$B$36))+S11 -> 1 | K11: =MIN(INDEX(設定!$E$20:$E$24,MATCH("Central Chidlom",設定!$A$20:$A$24,0)),MAX(INDEX(設定!$B$20:$D$24,MATCH("Central Chidlom",設定!$A$20:$A$24,0),MATCH($E11,設定!$B$19:$D$19,0)),ROUND($H11*INDEX(実績!$N$5:$R$8,MATCH($I11,実績!$F$5:$F$8,0),2)*INDEX(設定!$B$29:$B$33,MATCH("Central Chidlom",設定!$A$29:$A$33,0))/INDEX(実績!$S$5:$S$8,MATCH($I11,実績!$F$5:$F$8,0))/設定!$B$36,0)*設定!$B$36))+T11 -> 1 | L11: =MIN(INDEX(設定!$E$20:$E$24,MATCH("Siam Discovery",設定!$A$20:$A$24,0)),MAX(INDEX(設定!$B$20:$D$24,MATCH("Siam Discovery",設定!$A$20:$A$24,0),MATCH($E11,設定!$B$19:$D$19,0)),ROUND($H11*INDEX(実績!$N$5:$R$8,MATCH($I11,実績!$F$5:$F$8,0),3)*INDEX(設定!$B$29:$B$33,MATCH("Siam Discovery",設定!$A$29:$A$33,0))/INDEX(実績!$S$5:$S$8,MATCH($I11,実績!$F$5:$F$8,0))/設定!$B$36,0)*設定!$B$36))+U11 -> 1 | M11: =MIN(INDEX(設定!$E$20:$E$24,MATCH("Paradise Park",設定!$A$20:$A$24,0)),MAX(INDEX(設定!$B$20:$D$24,MATCH("Paradise Park",設定!$A$20:$A$24,0),MATCH($E11,設定!$B$19:$D$19,0)),ROUND($H11*INDEX(実績!$N$5:$R$8,MATCH($I11,実績!$F$5:$F$8,0),4)*INDEX(設定!$B$29:$B$33,MATCH("Paradise Park",設定!$A$29:$A$33,0))/INDEX(実績!$S$5:$S$8,MATCH($I11,実績!$F$5:$F$8,0))/設定!$B$36,0)*設定!$B$36))+V11 -> 0 | N11: =MIN(INDEX(設定!$E$20:$E$24,MATCH("Central Lardprao (Dept.)",設定!$A$20:$A$24,0)),MAX(INDEX(設定!$B$20:$D$24,MATCH("Central Lardprao (Dept.)",設定!$A$20:$A$24,0),MATCH($E11,設定!$B$19:$D$19,0)),ROUND($H11*INDEX(実績!$N$5:$R$8,MATCH($I11,実績!$F$5:$F$8,0),5)*INDEX(設定!$B$29:$B$33,MATCH("Central Lardprao (Dept.)",設定!$A$29:$A$33,0))/INDEX(実績!$S$5:$S$8,MATCH($I11,実績!$F$5:$F$8,0))/設定!$B$36,0)*設定!$B$36))+W11 -> 0 | O11: =SUM(J11:N11) -> 3 | P11: =F11-O11 -> 6 | Q11: =IF(P11<0,"入荷数超過→要調整","")
A12: VFF Spidrwalk | B12: Brown/Black | C12: M47 | D12: =LEFT(C12,1) -> M | E12: 極端 | F12: 6 | G12: =INDEX(設定!$B$6:$B$8,MATCH(A12,設定!$A$6:$A$8,0)) -> 0.26 | H12: =ROUND(F12*G12,0) -> 2 | I12: =IF(A12="VFF Spidrwalk","Spidrwalk",IF(A12="VFF Trailope WP","TrailopeWP","GLS_"&D12)) -> Spidrwalk | J12: =MIN(INDEX(設定!$E$20:$E$24,MATCH("K Village",設定!$A$20:$A$24,0)),MAX(INDEX(設定!$B$20:$D$24,MATCH("K Village",設定!$A$20:$A$24,0),MATCH($E12,設定!$B$19:$D$19,0)),ROUND($H12*INDEX(実績!$N$5:$R$8,MATCH($I12,実績!$F$5:$F$8,0),1)*INDEX(設定!$B$29:$B$33,MATCH("K Village",設定!$A$29:$A$33,0))/INDEX(実績!$S$5:$S$8,MATCH($I12,実績!$F$5:$F$8,0))/設定!$B$36,0)*設定!$B$36))+S12 -> 1 | K12: =MIN(INDEX(設定!$E$20:$E$24,MATCH("Central Chidlom",設定!$A$20:$A$24,0)),MAX(INDEX(設定!$B$20:$D$24,MATCH("Central Chidlom",設定!$A$20:$A$24,0),MATCH($E12,設定!$B$19:$D$19,0)),ROUND($H12*INDEX(実績!$N$5:$R$8,MATCH($I12,実績!$F$5:$F$8,0),2)*INDEX(設定!$B$29:$B$33,MATCH("Central Chidlom",設定!$A$29:$A$33,0))/INDEX(実績!$S$5:$S$8,MATCH($I12,実績!$F$5:$F$8,0))/設定!$B$36,0)*設定!$B$36))+T12 -> 1 | L12: =MIN(INDEX(設定!$E$20:$E$24,MATCH("Siam Discovery",設定!$A$20:$A$24,0)),MAX(INDEX(設定!$B$20:$D$24,MATCH("Siam Discovery",設定!$A$20:$A$24,0),MATCH($E12,設定!$B$19:$D$19,0)),ROUND($H12*INDEX(実績!$N$5:$R$8,MATCH($I12,実績!$F$5:$F$8,0),3)*INDEX(設定!$B$29:$B$33,MATCH("Siam Discovery",設定!$A$29:$A$33,0))/INDEX(実績!$S$5:$S$8,MATCH($I12,実績!$F$5:$F$8,0))/設定!$B$36,0)*設定!$B$36))+U12 -> 0 | M12: =MIN(INDEX(設定!$E$20:$E$24,MATCH("Paradise Park",設定!$A$20:$A$24,0)),MAX(INDEX(設定!$B$20:$D$24,MATCH("Paradise Park",設定!$A$20:$A$24,0),MATCH($E12,設定!$B$19:$D$19,0)),ROUND($H12*INDEX(実績!$N$5:$R$8,MATCH($I12,実績!$F$5:$F$8,0),4)*INDEX(設定!$B$29:$B$33,MATCH("Paradise Park",設定!$A$29:$A$33,0))/INDEX(実績!$S$5:$S$8,MATCH($I12,実績!$F$5:$F$8,0))/設定!$B$36,0)*設定!$B$36))+V12 -> 0 | N12: =MIN(INDEX(設定!$E$20:$E$24,MATCH("Central Lardprao (Dept.)",設定!$A$20:$A$24,0)),MAX(INDEX(設定!$B$20:$D$24,MATCH("Central Lardprao (Dept.)",設定!$A$20:$A$24,0),MATCH($E12,設定!$B$19:$D$19,0)),ROUND($H12*INDEX(実績!$N$5:$R$8,MATCH($I12,実績!$F$5:$F$8,0),5)*INDEX(設定!$B$29:$B$33,MATCH("Central Lardprao (Dept.)",設定!$A$29:$A$33,0))/INDEX(実績!$S$5:$S$8,MATCH($I12,実績!$F$5:$F$8,0))/設定!$B$36,0)*設定!$B$36))+W12 -> 0 | O12: =SUM(J12:N12) -> 2 | P12: =F12-O12 -> 4 | Q12: =IF(P12<0,"入荷数超過→要調整","")
A13: VFF Trailope WP | B13: Brown/Black | C13: M39 | D13: =LEFT(C13,1) -> M | E13: 極端 | F13: 3 | G13: =INDEX(設定!$B$6:$B$8,MATCH(A13,設定!$A$6:$A$8,0)) -> 0.28 | H13: =ROUND(F13*G13,0) -> 1 | I13: =IF(A13="VFF Spidrwalk","Spidrwalk",IF(A13="VFF Trailope WP","TrailopeWP","GLS_"&D13)) -> TrailopeWP | J13: =MIN(INDEX(設定!$E$20:$E$24,MATCH("K Village",設定!$A$20:$A$24,0)),MAX(INDEX(設定!$B$20:$D$24,MATCH("K Village",設定!$A$20:$A$24,0),MATCH($E13,設定!$B$19:$D$19,0)),ROUND($H13*INDEX(実績!$N$5:$R$8,MATCH($I13,実績!$F$5:$F$8,0),1)*INDEX(設定!$B$29:$B$33,MATCH("K Village",設定!$A$29:$A$33,0))/INDEX(実績!$S$5:$S$8,MATCH($I13,実績!$F$5:$F$8,0))/設定!$B$36,0)*設定!$B$36))+S13 -> 1 | K13: =MIN(INDEX(設定!$E$20:$E$24,MATCH("Central Chidlom",設定!$A$20:$A$24,0)),MAX(INDEX(設定!$B$20:$D$24,MATCH("Central Chidlom",設定!$A$20:$A$24,0),MATCH($E13,設定!$B$19:$D$19,0)),ROUND($H13*INDEX(実績!$N$5:$R$8,MATCH($I13,実績!$F$5:$F$8,0),2)*INDEX(設定!$B$29:$B$33,MATCH("Central Chidlom",設定!$A$29:$A$33,0))/INDEX(実績!$S$5:$S$8,MATCH($I13,実績!$F$5:$F$8,0))/設定!$B$36,0)*設定!$B$36))+T13 -> 0 | L13: =MIN(INDEX(設定!$E$20:$E$24,MATCH("Siam Discovery",設定!$A$20:$A$24,0)),MAX(INDEX(設定!$B$20:$D$24,MATCH("Siam Discovery",設定!$A$20:$A$24,0),MATCH($E13,設定!$B$19:$D$19,0)),ROUND($H13*INDEX(実績!$N$5:$R$8,MATCH($I13,実績!$F$5:$F$8,0),3)*INDEX(設定!$B$29:$B$33,MATCH("Siam Discovery",設定!$A$29:$A$33,0))/INDEX(実績!$S$5:$S$8,MATCH($I13,実績!$F$5:$F$8,0))/設定!$B$36,0)*設定!$B$36))+U13 -> 0 | M13: =MIN(INDEX(設定!$E$20:$E$24,MATCH("Paradise Park",設定!$A$20:$A$24,0)),MAX(INDEX(設定!$B$20:$D$24,MATCH("Paradise Park",設定!$A$20:$A$24,0),MATCH($E13,設定!$B$19:$D$19,0)),ROUND($H13*INDEX(実績!$N$5:$R$8,MATCH($I13,実績!$F$5:$F$8,0),4)*INDEX(設定!$B$29:$B$33,MATCH("Paradise Park",設定!$A$29:$A$33,0))/INDEX(実績!$S$5:$S$8,MATCH($I13,実績!$F$5:$F$8,0))/設定!$B$36,0)*設定!$B$36))+V13 -> 0 | N13: =MIN(INDEX(設定!$E$20:$E$24,MATCH("Central Lardprao (Dept.)",設定!$A$20:$A$24,0)),MAX(INDEX(設定!$B$20:$D$24,MATCH("Central Lardprao (Dept.)",設定!$A$20:$A$24,0),MATCH($E13,設定!$B$19:$D$19,0)),ROUND($H13*INDEX(実績!$N$5:$R$8,MATCH($I13,実績!$F$5:$F$8,0),5)*INDEX(設定!$B$29:$B$33,MATCH("Central Lardprao (Dept.)",設定!$A$29:$A$33,0))/INDEX(実績!$S$5:$S$8,MATCH($I13,実績!$F$5:$F$8,0))/設定!$B$36,0)*設定!$B$36))+W13 -> 0 | O13: =SUM(J13:N13) -> 1 | P13: =F13-O13 -> 2 | Q13: =IF(P13<0,"入荷数超過→要調整","")
A14: VFF Trailope WP | B14: Brown/Black | C14: M40 | D14: =LEFT(C14,1) -> M | E14: 端 | F14: 9 | G14: =INDEX(設定!$B$6:$B$8,MATCH(A14,設定!$A$6:$A$8,0)) -> 0.28 | H14: =ROUND(F14*G14,0) -> 3 | I14: =IF(A14="VFF Spidrwalk","Spidrwalk",IF(A14="VFF Trailope WP","TrailopeWP","GLS_"&D14)) -> TrailopeWP | J14: =MIN(INDEX(設定!$E$20:$E$24,MATCH("K Village",設定!$A$20:$A$24,0)),MAX(INDEX(設定!$B$20:$D$24,MATCH("K Village",設定!$A$20:$A$24,0),MATCH($E14,設定!$B$19:$D$19,0)),ROUND($H14*INDEX(実績!$N$5:$R$8,MATCH($I14,実績!$F$5:$F$8,0),1)*INDEX(設定!$B$29:$B$33,MATCH("K Village",設定!$A$29:$A$33,0))/INDEX(実績!$S$5:$S$8,MATCH($I14,実績!$F$5:$F$8,0))/設定!$B$36,0)*設定!$B$36))+S14 -> 1 | K14: =MIN(INDEX(設定!$E$20:$E$24,MATCH("Central Chidlom",設定!$A$20:$A$24,0)),MAX(INDEX(設定!$B$20:$D$24,MATCH("Central Chidlom",設定!$A$20:$A$24,0),MATCH($E14,設定!$B$19:$D$19,0)),ROUND($H14*INDEX(実績!$N$5:$R$8,MATCH($I14,実績!$F$5:$F$8,0),2)*INDEX(設定!$B$29:$B$33,MATCH("Central Chidlom",設定!$A$29:$A$33,0))/INDEX(実績!$S$5:$S$8,MATCH($I14,実績!$F$5:$F$8,0))/設定!$B$36,0)*設定!$B$36))+T14 -> 1 | L14: =MIN(INDEX(設定!$E$20:$E$24,MATCH("Siam Discovery",設定!$A$20:$A$24,0)),MAX(INDEX(設定!$B$20:$D$24,MATCH("Siam Discovery",設定!$A$20:$A$24,0),MATCH($E14,設定!$B$19:$D$19,0)),ROUND($H14*INDEX(実績!$N$5:$R$8,MATCH($I14,実績!$F$5:$F$8,0),3)*INDEX(設定!$B$29:$B$33,MATCH("Siam Discovery",設定!$A$29:$A$33,0))/INDEX(実績!$S$5:$S$8,MATCH($I14,実績!$F$5:$F$8,0))/設定!$B$36,0)*設定!$B$36))+U14 -> 1 | M14: =MIN(INDEX(設定!$E$20:$E$24,MATCH("Paradise Park",設定!$A$20:$A$24,0)),MAX(INDEX(設定!$B$20:$D$24,MATCH("Paradise Park",設定!$A$20:$A$24,0),MATCH($E14,設定!$B$19:$D$19,0)),ROUND($H14*INDEX(実績!$N$5:$R$8,MATCH($I14,実績!$F$5:$F$8,0),4)*INDEX(設定!$B$29:$B$33,MATCH("Paradise Park",設定!$A$29:$A$33,0))/INDEX(実績!$S$5:$S$8,MATCH($I14,実績!$F$5:$F$8,0))/設定!$B$36,0)*設定!$B$36))+V14 -> 1 | N14: =MIN(INDEX(設定!$E$20:$E$24,MATCH("Central Lardprao (Dept.)",設定!$A$20:$A$24,0)),MAX(INDEX(設定!$B$20:$D$24,MATCH("Central Lardprao (Dept.)",設定!$A$20:$A$24,0),MATCH($E14,設定!$B$19:$D$19,0)),ROUND($H14*INDEX(実績!$N$5:$R$8,MATCH($I14,実績!$F$5:$F$8,0),5)*INDEX(設定!$B$29:$B$33,MATCH("Central Lardprao (Dept.)",設定!$A$29:$A$33,0))/INDEX(実績!$S$5:$S$8,MATCH($I14,実績!$F$5:$F$8,0))/設定!$B$36,0)*設定!$B$36))+W14 -> 0 | O14: =SUM(J14:N14) -> 4 | P14: =F14-O14 -> 5 | Q14: =IF(P14<0,"入荷数超過→要調整","")
A15: VFF Trailope WP | B15: Brown/Black | C15: M41 | D15: =LEFT(C15,1) -> M | E15: 主要 | F15: 18 | G15: =INDEX(設定!$B$6:$B$8,MATCH(A15,設定!$A$6:$A$8,0)) -> 0.28 | H15: =ROUND(F15*G15,0) -> 5 | I15: =IF(A15="VFF Spidrwalk","Spidrwalk",IF(A15="VFF Trailope WP","TrailopeWP","GLS_"&D15)) -> TrailopeWP | J15: =MIN(INDEX(設定!$E$20:$E$24,MATCH("K Village",設定!$A$20:$A$24,0)),MAX(INDEX(設定!$B$20:$D$24,MATCH("K Village",設定!$A$20:$A$24,0),MATCH($E15,設定!$B$19:$D$19,0)),ROUND($H15*INDEX(実績!$N$5:$R$8,MATCH($I15,実績!$F$5:$F$8,0),1)*INDEX(設定!$B$29:$B$33,MATCH("K Village",設定!$A$29:$A$33,0))/INDEX(実績!$S$5:$S$8,MATCH($I15,実績!$F$5:$F$8,0))/設定!$B$36,0)*設定!$B$36))+S15 -> 2 | K15: =MIN(INDEX(設定!$E$20:$E$24,MATCH("Central Chidlom",設定!$A$20:$A$24,0)),MAX(INDEX(設定!$B$20:$D$24,MATCH("Central Chidlom",設定!$A$20:$A$24,0),MATCH($E15,設定!$B$19:$D$19,0)),ROUND($H15*INDEX(実績!$N$5:$R$8,MATCH($I15,実績!$F$5:$F$8,0),2)*INDEX(設定!$B$29:$B$33,MATCH("Central Chidlom",設定!$A$29:$A$33,0))/INDEX(実績!$S$5:$S$8,MATCH($I15,実績!$F$5:$F$8,0))/設定!$B$36,0)*設定!$B$36))+T15 -> 1 | L15: =MIN(INDEX(設定!$E$20:$E$24,MATCH("Siam Discovery",設定!$A$20:$A$24,0)),MAX(INDEX(設定!$B$20:$D$24,MATCH("Siam Discovery",設定!$A$20:$A$24,0),MATCH($E15,設定!$B$19:$D$19,0)),ROUND($H15*INDEX(実績!$N$5:$R$8,MATCH($I15,実績!$F$5:$F$8,0),3)*INDEX(設定!$B$29:$B$33,MATCH("Siam Discovery",設定!$A$29:$A$33,0))/INDEX(実績!$S$5:$S$8,MATCH($I15,実績!$F$5:$F$8,0))/設定!$B$36,0)*設定!$B$36))+U15 -> 1 | M15: =MIN(INDEX(設定!$E$20:$E$24,MATCH("Paradise Park",設定!$A$20:$A$24,0)),MAX(INDEX(設定!$B$20:$D$24,MATCH("Paradise Park",設定!$A$20:$A$24,0),MATCH($E15,設定!$B$19:$D$19,0)),ROUND($H15*INDEX(実績!$N$5:$R$8,MATCH($I15,実績!$F$5:$F$8,0),4)*INDEX(設定!$B$29:$B$33,MATCH("Paradise Park",設定!$A$29:$A$33,0))/INDEX(実績!$S$5:$S$8,MATCH($I15,実績!$F$5:$F$8,0))/設定!$B$36,0)*設定!$B$36))+V15 -> 1 | N15: =MIN(INDEX(設定!$E$20:$E$24,MATCH("Central Lardprao (Dept.)",設定!$A$20:$A$24,0)),MAX(INDEX(設定!$B$20:$D$24,MATCH("Central Lardprao (Dept.)",設定!$A$20:$A$24,0),MATCH($E15,設定!$B$19:$D$19,0)),ROUND($H15*INDEX(実績!$N$5:$R$8,MATCH($I15,実績!$F$5:$F$8,0),5)*INDEX(設定!$B$29:$B$33,MATCH("Central Lardprao (Dept.)",設定!$A$29:$A$33,0))/INDEX(実績!$S$5:$S$8,MATCH($I15,実績!$F$5:$F$8,0))/設定!$B$36,0)*設定!$B$36))+W15 -> 0 | O15: =SUM(J15:N15) -> 5 | P15: =F15-O15 -> 13 | Q15: =IF(P15<0,"入荷数超過→要調整","")
A16: VFF Trailope WP | B16: Brown/Black | C16: M42 | D16: =LEFT(C16,1) -> M | E16: 主要 | F16: 24 | G16: =INDEX(設定!$B$6:$B$8,MATCH(A16,設定!$A$6:$A$8,0)) -> 0.28 | H16: =ROUND(F16*G16,0) -> 7 | I16: =IF(A16="VFF Spidrwalk","Spidrwalk",IF(A16="VFF Trailope WP","TrailopeWP","GLS_"&D16)) -> TrailopeWP | J16: =MIN(INDEX(設定!$E$20:$E$24,MATCH("K Village",設定!$A$20:$A$24,0)),MAX(INDEX(設定!$B$20:$D$24,MATCH("K Village",設定!$A$20:$A$24,0),MATCH($E16,設定!$B$19:$D$19,0)),ROUND($H16*INDEX(実績!$N$5:$R$8,MATCH($I16,実績!$F$5:$F$8,0),1)*INDEX(設定!$B$29:$B$33,MATCH("K Village",設定!$A$29:$A$33,0))/INDEX(実績!$S$5:$S$8,MATCH($I16,実績!$F$5:$F$8,0))/設定!$B$36,0)*設定!$B$36))+S16 -> 2 | K16: =MIN(INDEX(設定!$E$20:$E$24,MATCH("Central Chidlom",設定!$A$20:$A$24,0)),MAX(INDEX(設定!$B$20:$D$24,MATCH("Central Chidlom",設定!$A$20:$A$24,0),MATCH($E16,設定!$B$19:$D$19,0)),ROUND($H16*INDEX(実績!$N$5:$R$8,MATCH($I16,実績!$F$5:$F$8,0),2)*INDEX(設定!$B$29:$B$33,MATCH("Central Chidlom",設定!$A$29:$A$33,0))/INDEX(実績!$S$5:$S$8,MATCH($I16,実績!$F$5:$F$8,0))/設定!$B$36,0)*設定!$B$36))+T16 -> 1 | L16: =MIN(INDEX(設定!$E$20:$E$24,MATCH("Siam Discovery",設定!$A$20:$A$24,0)),MAX(INDEX(設定!$B$20:$D$24,MATCH("Siam Discovery",設定!$A$20:$A$24,0),MATCH($E16,設定!$B$19:$D$19,0)),ROUND($H16*INDEX(実績!$N$5:$R$8,MATCH($I16,実績!$F$5:$F$8,0),3)*INDEX(設定!$B$29:$B$33,MATCH("Siam Discovery",設定!$A$29:$A$33,0))/INDEX(実績!$S$5:$S$8,MATCH($I16,実績!$F$5:$F$8,0))/設定!$B$36,0)*設定!$B$36))+U16 -> 1 | M16: =MIN(INDEX(設定!$E$20:$E$24,MATCH("Paradise Park",設定!$A$20:$A$24,0)),MAX(INDEX(設定!$B$20:$D$24,MATCH("Paradise Park",設定!$A$20:$A$24,0),MATCH($E16,設定!$B$19:$D$19,0)),ROUND($H16*INDEX(実績!$N$5:$R$8,MATCH($I16,実績!$F$5:$F$8,0),4)*INDEX(設定!$B$29:$B$33,MATCH("Paradise Park",設定!$A$29:$A$33,0))/INDEX(実績!$S$5:$S$8,MATCH($I16,実績!$F$5:$F$8,0))/設定!$B$36,0)*設定!$B$36))+V16 -> 2 | N16: =MIN(INDEX(設定!$E$20:$E$24,MATCH("Central Lardprao (Dept.)",設定!$A$20:$A$24,0)),MAX(INDEX(設定!$B$20:$D$24,MATCH("Central Lardprao (Dept.)",設定!$A$20:$A$24,0),MATCH($E16,設定!$B$19:$D$19,0)),ROUND($H16*INDEX(実績!$N$5:$R$8,MATCH($I16,実績!$F$5:$F$8,0),5)*INDEX(設定!$B$29:$B$33,MATCH("Central Lardprao (Dept.)",設定!$A$29:$A$33,0))/INDEX(実績!$S$5:$S$8,MATCH($I16,実績!$F$5:$F$8,0))/設定!$B$36,0)*設定!$B$36))+W16 -> 1 | O16: =SUM(J16:N16) -> 7 | P16: =F16-O16 -> 17 | Q16: =IF(P16<0,"入荷数超過→要調整","") | W16: 1
A17: VFF Trailope WP | B17: Brown/Black | C17: M43 | D17: =LEFT(C17,1) -> M | E17: 主要 | F17: 30 | G17: =INDEX(設定!$B$6:$B$8,MATCH(A17,設定!$A$6:$A$8,0)) -> 0.28 | H17: =ROUND(F17*G17,0) -> 8 | I17: =IF(A17="VFF Spidrwalk","Spidrwalk",IF(A17="VFF Trailope WP","TrailopeWP","GLS_"&D17)) -> TrailopeWP | J17: =MIN(INDEX(設定!$E$20:$E$24,MATCH("K Village",設定!$A$20:$A$24,0)),MAX(INDEX(設定!$B$20:$D$24,MATCH("K Village",設定!$A$20:$A$24,0),MATCH($E17,設定!$B$19:$D$19,0)),ROUND($H17*INDEX(実績!$N$5:$R$8,MATCH($I17,実績!$F$5:$F$8,0),1)*INDEX(設定!$B$29:$B$33,MATCH("K Village",設定!$A$29:$A$33,0))/INDEX(実績!$S$5:$S$8,MATCH($I17,実績!$F$5:$F$8,0))/設定!$B$36,0)*設定!$B$36))+S17 -> 2 | K17: =MIN(INDEX(設定!$E$20:$E$24,MATCH("Central Chidlom",設定!$A$20:$A$24,0)),MAX(INDEX(設定!$B$20:$D$24,MATCH("Central Chidlom",設定!$A$20:$A$24,0),MATCH($E17,設定!$B$19:$D$19,0)),ROUND($H17*INDEX(実績!$N$5:$R$8,MATCH($I17,実績!$F$5:$F$8,0),2)*INDEX(設定!$B$29:$B$33,MATCH("Central Chidlom",設定!$A$29:$A$33,0))/INDEX(実績!$S$5:$S$8,MATCH($I17,実績!$F$5:$F$8,0))/設定!$B$36,0)*設定!$B$36))+T17 -> 1 | L17: =MIN(INDEX(設定!$E$20:$E$24,MATCH("Siam Discovery",設定!$A$20:$A$24,0)),MAX(INDEX(設定!$B$20:$D$24,MATCH("Siam Discovery",設定!$A$20:$A$24,0),MATCH($E17,設定!$B$19:$D$19,0)),ROUND($H17*INDEX(実績!$N$5:$R$8,MATCH($I17,実績!$F$5:$F$8,0),3)*INDEX(設定!$B$29:$B$33,MATCH("Siam Discovery",設定!$A$29:$A$33,0))/INDEX(実績!$S$5:$S$8,MATCH($I17,実績!$F$5:$F$8,0))/設定!$B$36,0)*設定!$B$36))+U17 -> 1 | M17: =MIN(INDEX(設定!$E$20:$E$24,MATCH("Paradise Park",設定!$A$20:$A$24,0)),MAX(INDEX(設定!$B$20:$D$24,MATCH("Paradise Park",設定!$A$20:$A$24,0),MATCH($E17,設定!$B$19:$D$19,0)),ROUND($H17*INDEX(実績!$N$5:$R$8,MATCH($I17,実績!$F$5:$F$8,0),4)*INDEX(設定!$B$29:$B$33,MATCH("Paradise Park",設定!$A$29:$A$33,0))/INDEX(実績!$S$5:$S$8,MATCH($I17,実績!$F$5:$F$8,0))/設定!$B$36,0)*設定!$B$36))+V17 -> 2 | N17: =MIN(INDEX(設定!$E$20:$E$24,MATCH("Central Lardprao (Dept.)",設定!$A$20:$A$24,0)),MAX(INDEX(設定!$B$20:$D$24,MATCH("Central Lardprao (Dept.)",設定!$A$20:$A$24,0),MATCH($E17,設定!$B$19:$D$19,0)),ROUND($H17*INDEX(実績!$N$5:$R$8,MATCH($I17,実績!$F$5:$F$8,0),5)*INDEX(設定!$B$29:$B$33,MATCH("Central Lardprao (Dept.)",設定!$A$29:$A$33,0))/INDEX(実績!$S$5:$S$8,MATCH($I17,実績!$F$5:$F$8,0))/設定!$B$36,0)*設定!$B$36))+W17 -> 1 | O17: =SUM(J17:N17) -> 7 | P17: =F17-O17 -> 23 | Q17: =IF(P17<0,"入荷数超過→要調整","") | W17: 1
A18: VFF Trailope WP | B18: Brown/Black | C18: M44 | D18: =LEFT(C18,1) -> M | E18: 主要 | F18: 21 | G18: =INDEX(設定!$B$6:$B$8,MATCH(A18,設定!$A$6:$A$8,0)) -> 0.28 | H18: =ROUND(F18*G18,0) -> 6 | I18: =IF(A18="VFF Spidrwalk","Spidrwalk",IF(A18="VFF Trailope WP","TrailopeWP","GLS_"&D18)) -> TrailopeWP | J18: =MIN(INDEX(設定!$E$20:$E$24,MATCH("K Village",設定!$A$20:$A$24,0)),MAX(INDEX(設定!$B$20:$D$24,MATCH("K Village",設定!$A$20:$A$24,0),MATCH($E18,設定!$B$19:$D$19,0)),ROUND($H18*INDEX(実績!$N$5:$R$8,MATCH($I18,実績!$F$5:$F$8,0),1)*INDEX(設定!$B$29:$B$33,MATCH("K Village",設定!$A$29:$A$33,0))/INDEX(実績!$S$5:$S$8,MATCH($I18,実績!$F$5:$F$8,0))/設定!$B$36,0)*設定!$B$36))+S18 -> 2 | K18: =MIN(INDEX(設定!$E$20:$E$24,MATCH("Central Chidlom",設定!$A$20:$A$24,0)),MAX(INDEX(設定!$B$20:$D$24,MATCH("Central Chidlom",設定!$A$20:$A$24,0),MATCH($E18,設定!$B$19:$D$19,0)),ROUND($H18*INDEX(実績!$N$5:$R$8,MATCH($I18,実績!$F$5:$F$8,0),2)*INDEX(設定!$B$29:$B$33,MATCH("Central Chidlom",設定!$A$29:$A$33,0))/INDEX(実績!$S$5:$S$8,MATCH($I18,実績!$F$5:$F$8,0))/設定!$B$36,0)*設定!$B$36))+T18 -> 1 | L18: =MIN(INDEX(設定!$E$20:$E$24,MATCH("Siam Discovery",設定!$A$20:$A$24,0)),MAX(INDEX(設定!$B$20:$D$24,MATCH("Siam Discovery",設定!$A$20:$A$24,0),MATCH($E18,設定!$B$19:$D$19,0)),ROUND($H18*INDEX(実績!$N$5:$R$8,MATCH($I18,実績!$F$5:$F$8,0),3)*INDEX(設定!$B$29:$B$33,MATCH("Siam Discovery",設定!$A$29:$A$33,0))/INDEX(実績!$S$5:$S$8,MATCH($I18,実績!$F$5:$F$8,0))/設定!$B$36,0)*設定!$B$36))+U18 -> 1 | M18: =MIN(INDEX(設定!$E$20:$E$24,MATCH("Paradise Park",設定!$A$20:$A$24,0)),MAX(INDEX(設定!$B$20:$D$24,MATCH("Paradise Park",設定!$A$20:$A$24,0),MATCH($E18,設定!$B$19:$D$19,0)),ROUND($H18*INDEX(実績!$N$5:$R$8,MATCH($I18,実績!$F$5:$F$8,0),4)*INDEX(設定!$B$29:$B$33,MATCH("Paradise Park",設定!$A$29:$A$33,0))/INDEX(実績!$S$5:$S$8,MATCH($I18,実績!$F$5:$F$8,0))/設定!$B$36,0)*設定!$B$36))+V18 -> 1 | N18: =MIN(INDEX(設定!$E$20:$E$24,MATCH("Central Lardprao (Dept.)",設定!$A$20:$A$24,0)),MAX(INDEX(設定!$B$20:$D$24,MATCH("Central Lardprao (Dept.)",設定!$A$20:$A$24,0),MATCH($E18,設定!$B$19:$D$19,0)),ROUND($H18*INDEX(実績!$N$5:$R$8,MATCH($I18,実績!$F$5:$F$8,0),5)*INDEX(設定!$B$29:$B$33,MATCH("Central Lardprao (Dept.)",設定!$A$29:$A$33,0))/INDEX(実績!$S$5:$S$8,MATCH($I18,実績!$F$5:$F$8,0))/設定!$B$36,0)*設定!$B$36))+W18 -> 0 | O18: =SUM(J18:N18) -> 5 | P18: =F18-O18 -> 16 | Q18: =IF(P18<0,"入荷数超過→要調整","")
A19: VFF Trailope WP | B19: Brown/Black | C19: M45 | D19: =LEFT(C19,1) -> M | E19: 端 | F19: 12 | G19: =INDEX(設定!$B$6:$B$8,MATCH(A19,設定!$A$6:$A$8,0)) -> 0.28 | H19: =ROUND(F19*G19,0) -> 3 | I19: =IF(A19="VFF Spidrwalk","Spidrwalk",IF(A19="VFF Trailope WP","TrailopeWP","GLS_"&D19)) -> TrailopeWP | J19: =MIN(INDEX(設定!$E$20:$E$24,MATCH("K Village",設定!$A$20:$A$24,0)),MAX(INDEX(設定!$B$20:$D$24,MATCH("K Village",設定!$A$20:$A$24,0),MATCH($E19,設定!$B$19:$D$19,0)),ROUND($H19*INDEX(実績!$N$5:$R$8,MATCH($I19,実績!$F$5:$F$8,0),1)*INDEX(設定!$B$29:$B$33,MATCH("K Village",設定!$A$29:$A$33,0))/INDEX(実績!$S$5:$S$8,MATCH($I19,実績!$F$5:$F$8,0))/設定!$B$36,0)*設定!$B$36))+S19 -> 1 | K19: =MIN(INDEX(設定!$E$20:$E$24,MATCH("Central Chidlom",設定!$A$20:$A$24,0)),MAX(INDEX(設定!$B$20:$D$24,MATCH("Central Chidlom",設定!$A$20:$A$24,0),MATCH($E19,設定!$B$19:$D$19,0)),ROUND($H19*INDEX(実績!$N$5:$R$8,MATCH($I19,実績!$F$5:$F$8,0),2)*INDEX(設定!$B$29:$B$33,MATCH("Central Chidlom",設定!$A$29:$A$33,0))/INDEX(実績!$S$5:$S$8,MATCH($I19,実績!$F$5:$F$8,0))/設定!$B$36,0)*設定!$B$36))+T19 -> 1 | L19: =MIN(INDEX(設定!$E$20:$E$24,MATCH("Siam Discovery",設定!$A$20:$A$24,0)),MAX(INDEX(設定!$B$20:$D$24,MATCH("Siam Discovery",設定!$A$20:$A$24,0),MATCH($E19,設定!$B$19:$D$19,0)),ROUND($H19*INDEX(実績!$N$5:$R$8,MATCH($I19,実績!$F$5:$F$8,0),3)*INDEX(設定!$B$29:$B$33,MATCH("Siam Discovery",設定!$A$29:$A$33,0))/INDEX(実績!$S$5:$S$8,MATCH($I19,実績!$F$5:$F$8,0))/設定!$B$36,0)*設定!$B$36))+U19 -> 1 | M19: =MIN(INDEX(設定!$E$20:$E$24,MATCH("Paradise Park",設定!$A$20:$A$24,0)),MAX(INDEX(設定!$B$20:$D$24,MATCH("Paradise Park",設定!$A$20:$A$24,0),MATCH($E19,設定!$B$19:$D$19,0)),ROUND($H19*INDEX(実績!$N$5:$R$8,MATCH($I19,実績!$F$5:$F$8,0),4)*INDEX(設定!$B$29:$B$33,MATCH("Paradise Park",設定!$A$29:$A$33,0))/INDEX(実績!$S$5:$S$8,MATCH($I19,実績!$F$5:$F$8,0))/設定!$B$36,0)*設定!$B$36))+V19 -> 1 | N19: =MIN(INDEX(設定!$E$20:$E$24,MATCH("Central Lardprao (Dept.)",設定!$A$20:$A$24,0)),MAX(INDEX(設定!$B$20:$D$24,MATCH("Central Lardprao (Dept.)",設定!$A$20:$A$24,0),MATCH($E19,設定!$B$19:$D$19,0)),ROUND($H19*INDEX(実績!$N$5:$R$8,MATCH($I19,実績!$F$5:$F$8,0),5)*INDEX(設定!$B$29:$B$33,MATCH("Central Lardprao (Dept.)",設定!$A$29:$A$33,0))/INDEX(実績!$S$5:$S$8,MATCH($I19,実績!$F$5:$F$8,0))/設定!$B$36,0)*設定!$B$36))+W19 -> 0 | O19: =SUM(J19:N19) -> 4 | P19: =F19-O19 -> 8 | Q19: =IF(P19<0,"入荷数超過→要調整","")
A20: VFF Trailope WP | B20: Brown/Black | C20: M46 | D20: =LEFT(C20,1) -> M | E20: 端 | F20: 9 | G20: =INDEX(設定!$B$6:$B$8,MATCH(A20,設定!$A$6:$A$8,0)) -> 0.28 | H20: =ROUND(F20*G20,0) -> 3 | I20: =IF(A20="VFF Spidrwalk","Spidrwalk",IF(A20="VFF Trailope WP","TrailopeWP","GLS_"&D20)) -> TrailopeWP | J20: =MIN(INDEX(設定!$E$20:$E$24,MATCH("K Village",設定!$A$20:$A$24,0)),MAX(INDEX(設定!$B$20:$D$24,MATCH("K Village",設定!$A$20:$A$24,0),MATCH($E20,設定!$B$19:$D$19,0)),ROUND($H20*INDEX(実績!$N$5:$R$8,MATCH($I20,実績!$F$5:$F$8,0),1)*INDEX(設定!$B$29:$B$33,MATCH("K Village",設定!$A$29:$A$33,0))/INDEX(実績!$S$5:$S$8,MATCH($I20,実績!$F$5:$F$8,0))/設定!$B$36,0)*設定!$B$36))+S20 -> 1 | K20: =MIN(INDEX(設定!$E$20:$E$24,MATCH("Central Chidlom",設定!$A$20:$A$24,0)),MAX(INDEX(設定!$B$20:$D$24,MATCH("Central Chidlom",設定!$A$20:$A$24,0),MATCH($E20,設定!$B$19:$D$19,0)),ROUND($H20*INDEX(実績!$N$5:$R$8,MATCH($I20,実績!$F$5:$F$8,0),2)*INDEX(設定!$B$29:$B$33,MATCH("Central Chidlom",設定!$A$29:$A$33,0))/INDEX(実績!$S$5:$S$8,MATCH($I20,実績!$F$5:$F$8,0))/設定!$B$36,0)*設定!$B$36))+T20 -> 1 | L20: =MIN(INDEX(設定!$E$20:$E$24,MATCH("Siam Discovery",設定!$A$20:$A$24,0)),MAX(INDEX(設定!$B$20:$D$24,MATCH("Siam Discovery",設定!$A$20:$A$24,0),MATCH($E20,設定!$B$19:$D$19,0)),ROUND($H20*INDEX(実績!$N$5:$R$8,MATCH($I20,実績!$F$5:$F$8,0),3)*INDEX(設定!$B$29:$B$33,MATCH("Siam Discovery",設定!$A$29:$A$33,0))/INDEX(実績!$S$5:$S$8,MATCH($I20,実績!$F$5:$F$8,0))/設定!$B$36,0)*設定!$B$36))+U20 -> 1 | M20: =MIN(INDEX(設定!$E$20:$E$24,MATCH("Paradise Park",設定!$A$20:$A$24,0)),MAX(INDEX(設定!$B$20:$D$24,MATCH("Paradise Park",設定!$A$20:$A$24,0),MATCH($E20,設定!$B$19:$D$19,0)),ROUND($H20*INDEX(実績!$N$5:$R$8,MATCH($I20,実績!$F$5:$F$8,0),4)*INDEX(設定!$B$29:$B$33,MATCH("Paradise Park",設定!$A$29:$A$33,0))/INDEX(実績!$S$5:$S$8,MATCH($I20,実績!$F$5:$F$8,0))/設定!$B$36,0)*設定!$B$36))+V20 -> 1 | N20: =MIN(INDEX(設定!$E$20:$E$24,MATCH("Central Lardprao (Dept.)",設定!$A$20:$A$24,0)),MAX(INDEX(設定!$B$20:$D$24,MATCH("Central Lardprao (Dept.)",設定!$A$20:$A$24,0),MATCH($E20,設定!$B$19:$D$19,0)),ROUND($H20*INDEX(実績!$N$5:$R$8,MATCH($I20,実績!$F$5:$F$8,0),5)*INDEX(設定!$B$29:$B$33,MATCH("Central Lardprao (Dept.)",設定!$A$29:$A$33,0))/INDEX(実績!$S$5:$S$8,MATCH($I20,実績!$F$5:$F$8,0))/設定!$B$36,0)*設定!$B$36))+W20 -> 0 | O20: =SUM(J20:N20) -> 4 | P20: =F20-O20 -> 5 | Q20: =IF(P20<0,"入荷数超過→要調整","")
A21: VFF Trailope WP | B21: Brown/Black | C21: M47 | D21: =LEFT(C21,1) -> M | E21: 極端 | F21: 6 | G21: =INDEX(設定!$B$6:$B$8,MATCH(A21,設定!$A$6:$A$8,0)) -> 0.28 | H21: =ROUND(F21*G21,0) -> 2 | I21: =IF(A21="VFF Spidrwalk","Spidrwalk",IF(A21="VFF Trailope WP","TrailopeWP","GLS_"&D21)) -> TrailopeWP | J21: =MIN(INDEX(設定!$E$20:$E$24,MATCH("K Village",設定!$A$20:$A$24,0)),MAX(INDEX(設定!$B$20:$D$24,MATCH("K Village",設定!$A$20:$A$24,0),MATCH($E21,設定!$B$19:$D$19,0)),ROUND($H21*INDEX(実績!$N$5:$R$8,MATCH($I21,実績!$F$5:$F$8,0),1)*INDEX(設定!$B$29:$B$33,MATCH("K Village",設定!$A$29:$A$33,0))/INDEX(実績!$S$5:$S$8,MATCH($I21,実績!$F$5:$F$8,0))/設定!$B$36,0)*設定!$B$36))+S21 -> 1 | K21: =MIN(INDEX(設定!$E$20:$E$24,MATCH("Central Chidlom",設定!$A$20:$A$24,0)),MAX(INDEX(設定!$B$20:$D$24,MATCH("Central Chidlom",設定!$A$20:$A$24,0),MATCH($E21,設定!$B$19:$D$19,0)),ROUND($H21*INDEX(実績!$N$5:$R$8,MATCH($I21,実績!$F$5:$F$8,0),2)*INDEX(設定!$B$29:$B$33,MATCH("Central Chidlom",設定!$A$29:$A$33,0))/INDEX(実績!$S$5:$S$8,MATCH($I21,実績!$F$5:$F$8,0))/設定!$B$36,0)*設定!$B$36))+T21 -> 0 | L21: =MIN(INDEX(設定!$E$20:$E$24,MATCH("Siam Discovery",設定!$A$20:$A$24,0)),MAX(INDEX(設定!$B$20:$D$24,MATCH("Siam Discovery",設定!$A$20:$A$24,0),MATCH($E21,設定!$B$19:$D$19,0)),ROUND($H21*INDEX(実績!$N$5:$R$8,MATCH($I21,実績!$F$5:$F$8,0),3)*INDEX(設定!$B$29:$B$33,MATCH("Siam Discovery",設定!$A$29:$A$33,0))/INDEX(実績!$S$5:$S$8,MATCH($I21,実績!$F$5:$F$8,0))/設定!$B$36,0)*設定!$B$36))+U21 -> 0 | M21: =MIN(INDEX(設定!$E$20:$E$24,MATCH("Paradise Park",設定!$A$20:$A$24,0)),MAX(INDEX(設定!$B$20:$D$24,MATCH("Paradise Park",設定!$A$20:$A$24,0),MATCH($E21,設定!$B$19:$D$19,0)),ROUND($H21*INDEX(実績!$N$5:$R$8,MATCH($I21,実績!$F$5:$F$8,0),4)*INDEX(設定!$B$29:$B$33,MATCH("Paradise Park",設定!$A$29:$A$33,0))/INDEX(実績!$S$5:$S$8,MATCH($I21,実績!$F$5:$F$8,0))/設定!$B$36,0)*設定!$B$36))+V21 -> 0 | N21: =MIN(INDEX(設定!$E$20:$E$24,MATCH("Central Lardprao (Dept.)",設定!$A$20:$A$24,0)),MAX(INDEX(設定!$B$20:$D$24,MATCH("Central Lardprao (Dept.)",設定!$A$20:$A$24,0),MATCH($E21,設定!$B$19:$D$19,0)),ROUND($H21*INDEX(実績!$N$5:$R$8,MATCH($I21,実績!$F$5:$F$8,0),5)*INDEX(設定!$B$29:$B$33,MATCH("Central Lardprao (Dept.)",設定!$A$29:$A$33,0))/INDEX(実績!$S$5:$S$8,MATCH($I21,実績!$F$5:$F$8,0))/設定!$B$36,0)*設定!$B$36))+W21 -> 0 | O21: =SUM(J21:N21) -> 1 | P21: =F21-O21 -> 5 | Q21: =IF(P21<0,"入荷数超過→要調整","")
A22: VFF Groundsplay LS | B22: Total Black | C22: M40 | D22: =LEFT(C22,1) -> M | E22: 端 | F22: 18 | G22: =INDEX(設定!$B$6:$B$8,MATCH(A22,設定!$A$6:$A$8,0)) -> 0.33 | H22: =ROUND(F22*G22,0) -> 6 | I22: =IF(A22="VFF Spidrwalk","Spidrwalk",IF(A22="VFF Trailope WP","TrailopeWP","GLS_"&D22)) -> GLS_M | J22: =MIN(INDEX(設定!$E$20:$E$24,MATCH("K Village",設定!$A$20:$A$24,0)),MAX(INDEX(設定!$B$20:$D$24,MATCH("K Village",設定!$A$20:$A$24,0),MATCH($E22,設定!$B$19:$D$19,0)),ROUND($H22*INDEX(実績!$N$5:$R$8,MATCH($I22,実績!$F$5:$F$8,0),1)*INDEX(設定!$B$29:$B$33,MATCH("K Village",設定!$A$29:$A$33,0))/INDEX(実績!$S$5:$S$8,MATCH($I22,実績!$F$5:$F$8,0))/設定!$B$36,0)*設定!$B$36))+S22 -> 2 | K22: =MIN(INDEX(設定!$E$20:$E$24,MATCH("Central Chidlom",設定!$A$20:$A$24,0)),MAX(INDEX(設定!$B$20:$D$24,MATCH("Central Chidlom",設定!$A$20:$A$24,0),MATCH($E22,設定!$B$19:$D$19,0)),ROUND($H22*INDEX(実績!$N$5:$R$8,MATCH($I22,実績!$F$5:$F$8,0),2)*INDEX(設定!$B$29:$B$33,MATCH("Central Chidlom",設定!$A$29:$A$33,0))/INDEX(実績!$S$5:$S$8,MATCH($I22,実績!$F$5:$F$8,0))/設定!$B$36,0)*設定!$B$36))+T22 -> 1 | L22: =MIN(INDEX(設定!$E$20:$E$24,MATCH("Siam Discovery",設定!$A$20:$A$24,0)),MAX(INDEX(設定!$B$20:$D$24,MATCH("Siam Discovery",設定!$A$20:$A$24,0),MATCH($E22,設定!$B$19:$D$19,0)),ROUND($H22*INDEX(実績!$N$5:$R$8,MATCH($I22,実績!$F$5:$F$8,0),3)*INDEX(設定!$B$29:$B$33,MATCH("Siam Discovery",設定!$A$29:$A$33,0))/INDEX(実績!$S$5:$S$8,MATCH($I22,実績!$F$5:$F$8,0))/設定!$B$36,0)*設定!$B$36))+U22 -> 1 | M22: =MIN(INDEX(設定!$E$20:$E$24,MATCH("Paradise Park",設定!$A$20:$A$24,0)),MAX(INDEX(設定!$B$20:$D$24,MATCH("Paradise Park",設定!$A$20:$A$24,0),MATCH($E22,設定!$B$19:$D$19,0)),ROUND($H22*INDEX(実績!$N$5:$R$8,MATCH($I22,実績!$F$5:$F$8,0),4)*INDEX(設定!$B$29:$B$33,MATCH("Paradise Park",設定!$A$29:$A$33,0))/INDEX(実績!$S$5:$S$8,MATCH($I22,実績!$F$5:$F$8,0))/設定!$B$36,0)*設定!$B$36))+V22 -> 1 | N22: =MIN(INDEX(設定!$E$20:$E$24,MATCH("Central Lardprao (Dept.)",設定!$A$20:$A$24,0)),MAX(INDEX(設定!$B$20:$D$24,MATCH("Central Lardprao (Dept.)",設定!$A$20:$A$24,0),MATCH($E22,設定!$B$19:$D$19,0)),ROUND($H22*INDEX(実績!$N$5:$R$8,MATCH($I22,実績!$F$5:$F$8,0),5)*INDEX(設定!$B$29:$B$33,MATCH("Central Lardprao (Dept.)",設定!$A$29:$A$33,0))/INDEX(実績!$S$5:$S$8,MATCH($I22,実績!$F$5:$F$8,0))/設定!$B$36,0)*設定!$B$36))+W22 -> 0 | O22: =SUM(J22:N22) -> 5 | P22: =F22-O22 -> 13 | Q22: =IF(P22<0,"入荷数超過→要調整","")
A23: VFF Groundsplay LS | B23: Total Black | C23: M41 | D23: =LEFT(C23,1) -> M | E23: 主要 | F23: 27 | G23: =INDEX(設定!$B$6:$B$8,MATCH(A23,設定!$A$6:$A$8,0)) -> 0.33 | H23: =ROUND(F23*G23,0) -> 9 | I23: =IF(A23="VFF Spidrwalk","Spidrwalk",IF(A23="VFF Trailope WP","TrailopeWP","GLS_"&D23)) -> GLS_M | J23: =MIN(INDEX(設定!$E$20:$E$24,MATCH("K Village",設定!$A$20:$A$24,0)),MAX(INDEX(設定!$B$20:$D$24,MATCH("K Village",設定!$A$20:$A$24,0),MATCH($E23,設定!$B$19:$D$19,0)),ROUND($H23*INDEX(実績!$N$5:$R$8,MATCH($I23,実績!$F$5:$F$8,0),1)*INDEX(設定!$B$29:$B$33,MATCH("K Village",設定!$A$29:$A$33,0))/INDEX(実績!$S$5:$S$8,MATCH($I23,実績!$F$5:$F$8,0))/設定!$B$36,0)*設定!$B$36))+S23 -> 2 | K23: =MIN(INDEX(設定!$E$20:$E$24,MATCH("Central Chidlom",設定!$A$20:$A$24,0)),MAX(INDEX(設定!$B$20:$D$24,MATCH("Central Chidlom",設定!$A$20:$A$24,0),MATCH($E23,設定!$B$19:$D$19,0)),ROUND($H23*INDEX(実績!$N$5:$R$8,MATCH($I23,実績!$F$5:$F$8,0),2)*INDEX(設定!$B$29:$B$33,MATCH("Central Chidlom",設定!$A$29:$A$33,0))/INDEX(実績!$S$5:$S$8,MATCH($I23,実績!$F$5:$F$8,0))/設定!$B$36,0)*設定!$B$36))+T23 -> 2 | L23: =MIN(INDEX(設定!$E$20:$E$24,MATCH("Siam Discovery",設定!$A$20:$A$24,0)),MAX(INDEX(設定!$B$20:$D$24,MATCH("Siam Discovery",設定!$A$20:$A$24,0),MATCH($E23,設定!$B$19:$D$19,0)),ROUND($H23*INDEX(実績!$N$5:$R$8,MATCH($I23,実績!$F$5:$F$8,0),3)*INDEX(設定!$B$29:$B$33,MATCH("Siam Discovery",設定!$A$29:$A$33,0))/INDEX(実績!$S$5:$S$8,MATCH($I23,実績!$F$5:$F$8,0))/設定!$B$36,0)*設定!$B$36))+U23 -> 1 | M23: =MIN(INDEX(設定!$E$20:$E$24,MATCH("Paradise Park",設定!$A$20:$A$24,0)),MAX(INDEX(設定!$B$20:$D$24,MATCH("Paradise Park",設定!$A$20:$A$24,0),MATCH($E23,設定!$B$19:$D$19,0)),ROUND($H23*INDEX(実績!$N$5:$R$8,MATCH($I23,実績!$F$5:$F$8,0),4)*INDEX(設定!$B$29:$B$33,MATCH("Paradise Park",設定!$A$29:$A$33,0))/INDEX(実績!$S$5:$S$8,MATCH($I23,実績!$F$5:$F$8,0))/設定!$B$36,0)*設定!$B$36))+V23 -> 1 | N23: =MIN(INDEX(設定!$E$20:$E$24,MATCH("Central Lardprao (Dept.)",設定!$A$20:$A$24,0)),MAX(INDEX(設定!$B$20:$D$24,MATCH("Central Lardprao (Dept.)",設定!$A$20:$A$24,0),MATCH($E23,設定!$B$19:$D$19,0)),ROUND($H23*INDEX(実績!$N$5:$R$8,MATCH($I23,実績!$F$5:$F$8,0),5)*INDEX(設定!$B$29:$B$33,MATCH("Central Lardprao (Dept.)",設定!$A$29:$A$33,0))/INDEX(実績!$S$5:$S$8,MATCH($I23,実績!$F$5:$F$8,0))/設定!$B$36,0)*設定!$B$36))+W23 -> 0 | O23: =SUM(J23:N23) -> 6 | P23: =F23-O23 -> 21 | Q23: =IF(P23<0,"入荷数超過→要調整","")
A24: VFF Groundsplay LS | B24: Total Black | C24: M42 | D24: =LEFT(C24,1) -> M | E24: 主要 | F24: 39 | G24: =INDEX(設定!$B$6:$B$8,MATCH(A24,設定!$A$6:$A$8,0)) -> 0.33 | H24: =ROUND(F24*G24,0) -> 13 | I24: =IF(A24="VFF Spidrwalk","Spidrwalk",IF(A24="VFF Trailope WP","TrailopeWP","GLS_"&D24)) -> GLS_M | J24: =MIN(INDEX(設定!$E$20:$E$24,MATCH("K Village",設定!$A$20:$A$24,0)),MAX(INDEX(設定!$B$20:$D$24,MATCH("K Village",設定!$A$20:$A$24,0),MATCH($E24,設定!$B$19:$D$19,0)),ROUND($H24*INDEX(実績!$N$5:$R$8,MATCH($I24,実績!$F$5:$F$8,0),1)*INDEX(設定!$B$29:$B$33,MATCH("K Village",設定!$A$29:$A$33,0))/INDEX(実績!$S$5:$S$8,MATCH($I24,実績!$F$5:$F$8,0))/設定!$B$36,0)*設定!$B$36))+S24 -> 2 | K24: =MIN(INDEX(設定!$E$20:$E$24,MATCH("Central Chidlom",設定!$A$20:$A$24,0)),MAX(INDEX(設定!$B$20:$D$24,MATCH("Central Chidlom",設定!$A$20:$A$24,0),MATCH($E24,設定!$B$19:$D$19,0)),ROUND($H24*INDEX(実績!$N$5:$R$8,MATCH($I24,実績!$F$5:$F$8,0),2)*INDEX(設定!$B$29:$B$33,MATCH("Central Chidlom",設定!$A$29:$A$33,0))/INDEX(実績!$S$5:$S$8,MATCH($I24,実績!$F$5:$F$8,0))/設定!$B$36,0)*設定!$B$36))+T24 -> 2 | L24: =MIN(INDEX(設定!$E$20:$E$24,MATCH("Siam Discovery",設定!$A$20:$A$24,0)),MAX(INDEX(設定!$B$20:$D$24,MATCH("Siam Discovery",設定!$A$20:$A$24,0),MATCH($E24,設定!$B$19:$D$19,0)),ROUND($H24*INDEX(実績!$N$5:$R$8,MATCH($I24,実績!$F$5:$F$8,0),3)*INDEX(設定!$B$29:$B$33,MATCH("Siam Discovery",設定!$A$29:$A$33,0))/INDEX(実績!$S$5:$S$8,MATCH($I24,実績!$F$5:$F$8,0))/設定!$B$36,0)*設定!$B$36))+U24 -> 2 | M24: =MIN(INDEX(設定!$E$20:$E$24,MATCH("Paradise Park",設定!$A$20:$A$24,0)),MAX(INDEX(設定!$B$20:$D$24,MATCH("Paradise Park",設定!$A$20:$A$24,0),MATCH($E24,設定!$B$19:$D$19,0)),ROUND($H24*INDEX(実績!$N$5:$R$8,MATCH($I24,実績!$F$5:$F$8,0),4)*INDEX(設定!$B$29:$B$33,MATCH("Paradise Park",設定!$A$29:$A$33,0))/INDEX(実績!$S$5:$S$8,MATCH($I24,実績!$F$5:$F$8,0))/設定!$B$36,0)*設定!$B$36))+V24 -> 2 | N24: =MIN(INDEX(設定!$E$20:$E$24,MATCH("Central Lardprao (Dept.)",設定!$A$20:$A$24,0)),MAX(INDEX(設定!$B$20:$D$24,MATCH("Central Lardprao (Dept.)",設定!$A$20:$A$24,0),MATCH($E24,設定!$B$19:$D$19,0)),ROUND($H24*INDEX(実績!$N$5:$R$8,MATCH($I24,実績!$F$5:$F$8,0),5)*INDEX(設定!$B$29:$B$33,MATCH("Central Lardprao (Dept.)",設定!$A$29:$A$33,0))/INDEX(実績!$S$5:$S$8,MATCH($I24,実績!$F$5:$F$8,0))/設定!$B$36,0)*設定!$B$36))+W24 -> 1 | O24: =SUM(J24:N24) -> 9 | P24: =F24-O24 -> 30 | Q24: =IF(P24<0,"入荷数超過→要調整","")
A25: VFF Groundsplay LS | B25: Total Black | C25: M43 | D25: =LEFT(C25,1) -> M | E25: 主要 | F25: 39 | G25: =INDEX(設定!$B$6:$B$8,MATCH(A25,設定!$A$6:$A$8,0)) -> 0.33 | H25: =ROUND(F25*G25,0) -> 13 | I25: =IF(A25="VFF Spidrwalk","Spidrwalk",IF(A25="VFF Trailope WP","TrailopeWP","GLS_"&D25)) -> GLS_M | J25: =MIN(INDEX(設定!$E$20:$E$24,MATCH("K Village",設定!$A$20:$A$24,0)),MAX(INDEX(設定!$B$20:$D$24,MATCH("K Village",設定!$A$20:$A$24,0),MATCH($E25,設定!$B$19:$D$19,0)),ROUND($H25*INDEX(実績!$N$5:$R$8,MATCH($I25,実績!$F$5:$F$8,0),1)*INDEX(設定!$B$29:$B$33,MATCH("K Village",設定!$A$29:$A$33,0))/INDEX(実績!$S$5:$S$8,MATCH($I25,実績!$F$5:$F$8,0))/設定!$B$36,0)*設定!$B$36))+S25 -> 2 | K25: =MIN(INDEX(設定!$E$20:$E$24,MATCH("Central Chidlom",設定!$A$20:$A$24,0)),MAX(INDEX(設定!$B$20:$D$24,MATCH("Central Chidlom",設定!$A$20:$A$24,0),MATCH($E25,設定!$B$19:$D$19,0)),ROUND($H25*INDEX(実績!$N$5:$R$8,MATCH($I25,実績!$F$5:$F$8,0),2)*INDEX(設定!$B$29:$B$33,MATCH("Central Chidlom",設定!$A$29:$A$33,0))/INDEX(実績!$S$5:$S$8,MATCH($I25,実績!$F$5:$F$8,0))/設定!$B$36,0)*設定!$B$36))+T25 -> 2 | L25: =MIN(INDEX(設定!$E$20:$E$24,MATCH("Siam Discovery",設定!$A$20:$A$24,0)),MAX(INDEX(設定!$B$20:$D$24,MATCH("Siam Discovery",設定!$A$20:$A$24,0),MATCH($E25,設定!$B$19:$D$19,0)),ROUND($H25*INDEX(実績!$N$5:$R$8,MATCH($I25,実績!$F$5:$F$8,0),3)*INDEX(設定!$B$29:$B$33,MATCH("Siam Discovery",設定!$A$29:$A$33,0))/INDEX(実績!$S$5:$S$8,MATCH($I25,実績!$F$5:$F$8,0))/設定!$B$36,0)*設定!$B$36))+U25 -> 2 | M25: =MIN(INDEX(設定!$E$20:$E$24,MATCH("Paradise Park",設定!$A$20:$A$24,0)),MAX(INDEX(設定!$B$20:$D$24,MATCH("Paradise Park",設定!$A$20:$A$24,0),MATCH($E25,設定!$B$19:$D$19,0)),ROUND($H25*INDEX(実績!$N$5:$R$8,MATCH($I25,実績!$F$5:$F$8,0),4)*INDEX(設定!$B$29:$B$33,MATCH("Paradise Park",設定!$A$29:$A$33,0))/INDEX(実績!$S$5:$S$8,MATCH($I25,実績!$F$5:$F$8,0))/設定!$B$36,0)*設定!$B$36))+V25 -> 2 | N25: =MIN(INDEX(設定!$E$20:$E$24,MATCH("Central Lardprao (Dept.)",設定!$A$20:$A$24,0)),MAX(INDEX(設定!$B$20:$D$24,MATCH("Central Lardprao (Dept.)",設定!$A$20:$A$24,0),MATCH($E25,設定!$B$19:$D$19,0)),ROUND($H25*INDEX(実績!$N$5:$R$8,MATCH($I25,実績!$F$5:$F$8,0),5)*INDEX(設定!$B$29:$B$33,MATCH("Central Lardprao (Dept.)",設定!$A$29:$A$33,0))/INDEX(実績!$S$5:$S$8,MATCH($I25,実績!$F$5:$F$8,0))/設定!$B$36,0)*設定!$B$36))+W25 -> 1 | O25: =SUM(J25:N25) -> 9 | P25: =F25-O25 -> 30 | Q25: =IF(P25<0,"入荷数超過→要調整","")
A26: VFF Groundsplay LS | B26: Total Black | C26: M44 | D26: =LEFT(C26,1) -> M | E26: 主要 | F26: 36 | G26: =INDEX(設定!$B$6:$B$8,MATCH(A26,設定!$A$6:$A$8,0)) -> 0.33 | H26: =ROUND(F26*G26,0) -> 12 | I26: =IF(A26="VFF Spidrwalk","Spidrwalk",IF(A26="VFF Trailope WP","TrailopeWP","GLS_"&D26)) -> GLS_M | J26: =MIN(INDEX(設定!$E$20:$E$24,MATCH("K Village",設定!$A$20:$A$24,0)),MAX(INDEX(設定!$B$20:$D$24,MATCH("K Village",設定!$A$20:$A$24,0),MATCH($E26,設定!$B$19:$D$19,0)),ROUND($H26*INDEX(実績!$N$5:$R$8,MATCH($I26,実績!$F$5:$F$8,0),1)*INDEX(設定!$B$29:$B$33,MATCH("K Village",設定!$A$29:$A$33,0))/INDEX(実績!$S$5:$S$8,MATCH($I26,実績!$F$5:$F$8,0))/設定!$B$36,0)*設定!$B$36))+S26 -> 2 | K26: =MIN(INDEX(設定!$E$20:$E$24,MATCH("Central Chidlom",設定!$A$20:$A$24,0)),MAX(INDEX(設定!$B$20:$D$24,MATCH("Central Chidlom",設定!$A$20:$A$24,0),MATCH($E26,設定!$B$19:$D$19,0)),ROUND($H26*INDEX(実績!$N$5:$R$8,MATCH($I26,実績!$F$5:$F$8,0),2)*INDEX(設定!$B$29:$B$33,MATCH("Central Chidlom",設定!$A$29:$A$33,0))/INDEX(実績!$S$5:$S$8,MATCH($I26,実績!$F$5:$F$8,0))/設定!$B$36,0)*設定!$B$36))+T26 -> 1 | L26: =MIN(INDEX(設定!$E$20:$E$24,MATCH("Siam Discovery",設定!$A$20:$A$24,0)),MAX(INDEX(設定!$B$20:$D$24,MATCH("Siam Discovery",設定!$A$20:$A$24,0),MATCH($E26,設定!$B$19:$D$19,0)),ROUND($H26*INDEX(実績!$N$5:$R$8,MATCH($I26,実績!$F$5:$F$8,0),3)*INDEX(設定!$B$29:$B$33,MATCH("Siam Discovery",設定!$A$29:$A$33,0))/INDEX(実績!$S$5:$S$8,MATCH($I26,実績!$F$5:$F$8,0))/設定!$B$36,0)*設定!$B$36))+U26 -> 1 | M26: =MIN(INDEX(設定!$E$20:$E$24,MATCH("Paradise Park",設定!$A$20:$A$24,0)),MAX(INDEX(設定!$B$20:$D$24,MATCH("Paradise Park",設定!$A$20:$A$24,0),MATCH($E26,設定!$B$19:$D$19,0)),ROUND($H26*INDEX(実績!$N$5:$R$8,MATCH($I26,実績!$F$5:$F$8,0),4)*INDEX(設定!$B$29:$B$33,MATCH("Paradise Park",設定!$A$29:$A$33,0))/INDEX(実績!$S$5:$S$8,MATCH($I26,実績!$F$5:$F$8,0))/設定!$B$36,0)*設定!$B$36))+V26 -> 2 | N26: =MIN(INDEX(設定!$E$20:$E$24,MATCH("Central Lardprao (Dept.)",設定!$A$20:$A$24,0)),MAX(INDEX(設定!$B$20:$D$24,MATCH("Central Lardprao (Dept.)",設定!$A$20:$A$24,0),MATCH($E26,設定!$B$19:$D$19,0)),ROUND($H26*INDEX(実績!$N$5:$R$8,MATCH($I26,実績!$F$5:$F$8,0),5)*INDEX(設定!$B$29:$B$33,MATCH("Central Lardprao (Dept.)",設定!$A$29:$A$33,0))/INDEX(実績!$S$5:$S$8,MATCH($I26,実績!$F$5:$F$8,0))/設定!$B$36,0)*設定!$B$36))+W26 -> 0 | O26: =SUM(J26:N26) -> 6 | P26: =F26-O26 -> 30 | Q26: =IF(P26<0,"入荷数超過→要調整","") | T26: -1 | U26: -1
A27: VFF Groundsplay LS | B27: Total Black | C27: M45 | D27: =LEFT(C27,1) -> M | E27: 端 | F27: 18 | G27: =INDEX(設定!$B$6:$B$8,MATCH(A27,設定!$A$6:$A$8,0)) -> 0.33 | H27: =ROUND(F27*G27,0) -> 6 | I27: =IF(A27="VFF Spidrwalk","Spidrwalk",IF(A27="VFF Trailope WP","TrailopeWP","GLS_"&D27)) -> GLS_M | J27: =MIN(INDEX(設定!$E$20:$E$24,MATCH("K Village",設定!$A$20:$A$24,0)),MAX(INDEX(設定!$B$20:$D$24,MATCH("K Village",設定!$A$20:$A$24,0),MATCH($E27,設定!$B$19:$D$19,0)),ROUND($H27*INDEX(実績!$N$5:$R$8,MATCH($I27,実績!$F$5:$F$8,0),1)*INDEX(設定!$B$29:$B$33,MATCH("K Village",設定!$A$29:$A$33,0))/INDEX(実績!$S$5:$S$8,MATCH($I27,実績!$F$5:$F$8,0))/設定!$B$36,0)*設定!$B$36))+S27 -> 2 | K27: =MIN(INDEX(設定!$E$20:$E$24,MATCH("Central Chidlom",設定!$A$20:$A$24,0)),MAX(INDEX(設定!$B$20:$D$24,MATCH("Central Chidlom",設定!$A$20:$A$24,0),MATCH($E27,設定!$B$19:$D$19,0)),ROUND($H27*INDEX(実績!$N$5:$R$8,MATCH($I27,実績!$F$5:$F$8,0),2)*INDEX(設定!$B$29:$B$33,MATCH("Central Chidlom",設定!$A$29:$A$33,0))/INDEX(実績!$S$5:$S$8,MATCH($I27,実績!$F$5:$F$8,0))/設定!$B$36,0)*設定!$B$36))+T27 -> 1 | L27: =MIN(INDEX(設定!$E$20:$E$24,MATCH("Siam Discovery",設定!$A$20:$A$24,0)),MAX(INDEX(設定!$B$20:$D$24,MATCH("Siam Discovery",設定!$A$20:$A$24,0),MATCH($E27,設定!$B$19:$D$19,0)),ROUND($H27*INDEX(実績!$N$5:$R$8,MATCH($I27,実績!$F$5:$F$8,0),3)*INDEX(設定!$B$29:$B$33,MATCH("Siam Discovery",設定!$A$29:$A$33,0))/INDEX(実績!$S$5:$S$8,MATCH($I27,実績!$F$5:$F$8,0))/設定!$B$36,0)*設定!$B$36))+U27 -> 1 | M27: =MIN(INDEX(設定!$E$20:$E$24,MATCH("Paradise Park",設定!$A$20:$A$24,0)),MAX(INDEX(設定!$B$20:$D$24,MATCH("Paradise Park",設定!$A$20:$A$24,0),MATCH($E27,設定!$B$19:$D$19,0)),ROUND($H27*INDEX(実績!$N$5:$R$8,MATCH($I27,実績!$F$5:$F$8,0),4)*INDEX(設定!$B$29:$B$33,MATCH("Paradise Park",設定!$A$29:$A$33,0))/INDEX(実績!$S$5:$S$8,MATCH($I27,実績!$F$5:$F$8,0))/設定!$B$36,0)*設定!$B$36))+V27 -> 1 | N27: =MIN(INDEX(設定!$E$20:$E$24,MATCH("Central Lardprao (Dept.)",設定!$A$20:$A$24,0)),MAX(INDEX(設定!$B$20:$D$24,MATCH("Central Lardprao (Dept.)",設定!$A$20:$A$24,0),MATCH($E27,設定!$B$19:$D$19,0)),ROUND($H27*INDEX(実績!$N$5:$R$8,MATCH($I27,実績!$F$5:$F$8,0),5)*INDEX(設定!$B$29:$B$33,MATCH("Central Lardprao (Dept.)",設定!$A$29:$A$33,0))/INDEX(実績!$S$5:$S$8,MATCH($I27,実績!$F$5:$F$8,0))/設定!$B$36,0)*設定!$B$36))+W27 -> 0 | O27: =SUM(J27:N27) -> 5 | P27: =F27-O27 -> 13 | Q27: =IF(P27<0,"入荷数超過→要調整","")
A28: VFF Groundsplay LS | B28: Total Black | C28: M46 | D28: =LEFT(C28,1) -> M | E28: 端 | F28: 9 | G28: =INDEX(設定!$B$6:$B$8,MATCH(A28,設定!$A$6:$A$8,0)) -> 0.33 | H28: =ROUND(F28*G28,0) -> 3 | I28: =IF(A28="VFF Spidrwalk","Spidrwalk",IF(A28="VFF Trailope WP","TrailopeWP","GLS_"&D28)) -> GLS_M | J28: =MIN(INDEX(設定!$E$20:$E$24,MATCH("K Village",設定!$A$20:$A$24,0)),MAX(INDEX(設定!$B$20:$D$24,MATCH("K Village",設定!$A$20:$A$24,0),MATCH($E28,設定!$B$19:$D$19,0)),ROUND($H28*INDEX(実績!$N$5:$R$8,MATCH($I28,実績!$F$5:$F$8,0),1)*INDEX(設定!$B$29:$B$33,MATCH("K Village",設定!$A$29:$A$33,0))/INDEX(実績!$S$5:$S$8,MATCH($I28,実績!$F$5:$F$8,0))/設定!$B$36,0)*設定!$B$36))+S28 -> 1 | K28: =MIN(INDEX(設定!$E$20:$E$24,MATCH("Central Chidlom",設定!$A$20:$A$24,0)),MAX(INDEX(設定!$B$20:$D$24,MATCH("Central Chidlom",設定!$A$20:$A$24,0),MATCH($E28,設定!$B$19:$D$19,0)),ROUND($H28*INDEX(実績!$N$5:$R$8,MATCH($I28,実績!$F$5:$F$8,0),2)*INDEX(設定!$B$29:$B$33,MATCH("Central Chidlom",設定!$A$29:$A$33,0))/INDEX(実績!$S$5:$S$8,MATCH($I28,実績!$F$5:$F$8,0))/設定!$B$36,0)*設定!$B$36))+T28 -> 1 | L28: =MIN(INDEX(設定!$E$20:$E$24,MATCH("Siam Discovery",設定!$A$20:$A$24,0)),MAX(INDEX(設定!$B$20:$D$24,MATCH("Siam Discovery",設定!$A$20:$A$24,0),MATCH($E28,設定!$B$19:$D$19,0)),ROUND($H28*INDEX(実績!$N$5:$R$8,MATCH($I28,実績!$F$5:$F$8,0),3)*INDEX(設定!$B$29:$B$33,MATCH("Siam Discovery",設定!$A$29:$A$33,0))/INDEX(実績!$S$5:$S$8,MATCH($I28,実績!$F$5:$F$8,0))/設定!$B$36,0)*設定!$B$36))+U28 -> 1 | M28: =MIN(INDEX(設定!$E$20:$E$24,MATCH("Paradise Park",設定!$A$20:$A$24,0)),MAX(INDEX(設定!$B$20:$D$24,MATCH("Paradise Park",設定!$A$20:$A$24,0),MATCH($E28,設定!$B$19:$D$19,0)),ROUND($H28*INDEX(実績!$N$5:$R$8,MATCH($I28,実績!$F$5:$F$8,0),4)*INDEX(設定!$B$29:$B$33,MATCH("Paradise Park",設定!$A$29:$A$33,0))/INDEX(実績!$S$5:$S$8,MATCH($I28,実績!$F$5:$F$8,0))/設定!$B$36,0)*設定!$B$36))+V28 -> 0 | N28: =MIN(INDEX(設定!$E$20:$E$24,MATCH("Central Lardprao (Dept.)",設定!$A$20:$A$24,0)),MAX(INDEX(設定!$B$20:$D$24,MATCH("Central Lardprao (Dept.)",設定!$A$20:$A$24,0),MATCH($E28,設定!$B$19:$D$19,0)),ROUND($H28*INDEX(実績!$N$5:$R$8,MATCH($I28,実績!$F$5:$F$8,0),5)*INDEX(設定!$B$29:$B$33,MATCH("Central Lardprao (Dept.)",設定!$A$29:$A$33,0))/INDEX(実績!$S$5:$S$8,MATCH($I28,実績!$F$5:$F$8,0))/設定!$B$36,0)*設定!$B$36))+W28 -> 0 | O28: =SUM(J28:N28) -> 3 | P28: =F28-O28 -> 6 | Q28: =IF(P28<0,"入荷数超過→要調整","")
A29: VFF Groundsplay LS | B29: Total Black | C29: M47 | D29: =LEFT(C29,1) -> M | E29: 極端 | F29: 6 | G29: =INDEX(設定!$B$6:$B$8,MATCH(A29,設定!$A$6:$A$8,0)) -> 0.33 | H29: =ROUND(F29*G29,0) -> 2 | I29: =IF(A29="VFF Spidrwalk","Spidrwalk",IF(A29="VFF Trailope WP","TrailopeWP","GLS_"&D29)) -> GLS_M | J29: =MIN(INDEX(設定!$E$20:$E$24,MATCH("K Village",設定!$A$20:$A$24,0)),MAX(INDEX(設定!$B$20:$D$24,MATCH("K Village",設定!$A$20:$A$24,0),MATCH($E29,設定!$B$19:$D$19,0)),ROUND($H29*INDEX(実績!$N$5:$R$8,MATCH($I29,実績!$F$5:$F$8,0),1)*INDEX(設定!$B$29:$B$33,MATCH("K Village",設定!$A$29:$A$33,0))/INDEX(実績!$S$5:$S$8,MATCH($I29,実績!$F$5:$F$8,0))/設定!$B$36,0)*設定!$B$36))+S29 -> 1 | K29: =MIN(INDEX(設定!$E$20:$E$24,MATCH("Central Chidlom",設定!$A$20:$A$24,0)),MAX(INDEX(設定!$B$20:$D$24,MATCH("Central Chidlom",設定!$A$20:$A$24,0),MATCH($E29,設定!$B$19:$D$19,0)),ROUND($H29*INDEX(実績!$N$5:$R$8,MATCH($I29,実績!$F$5:$F$8,0),2)*INDEX(設定!$B$29:$B$33,MATCH("Central Chidlom",設定!$A$29:$A$33,0))/INDEX(実績!$S$5:$S$8,MATCH($I29,実績!$F$5:$F$8,0))/設定!$B$36,0)*設定!$B$36))+T29 -> 0 | L29: =MIN(INDEX(設定!$E$20:$E$24,MATCH("Siam Discovery",設定!$A$20:$A$24,0)),MAX(INDEX(設定!$B$20:$D$24,MATCH("Siam Discovery",設定!$A$20:$A$24,0),MATCH($E29,設定!$B$19:$D$19,0)),ROUND($H29*INDEX(実績!$N$5:$R$8,MATCH($I29,実績!$F$5:$F$8,0),3)*INDEX(設定!$B$29:$B$33,MATCH("Siam Discovery",設定!$A$29:$A$33,0))/INDEX(実績!$S$5:$S$8,MATCH($I29,実績!$F$5:$F$8,0))/設定!$B$36,0)*設定!$B$36))+U29 -> 0 | M29: =MIN(INDEX(設定!$E$20:$E$24,MATCH("Paradise Park",設定!$A$20:$A$24,0)),MAX(INDEX(設定!$B$20:$D$24,MATCH("Paradise Park",設定!$A$20:$A$24,0),MATCH($E29,設定!$B$19:$D$19,0)),ROUND($H29*INDEX(実績!$N$5:$R$8,MATCH($I29,実績!$F$5:$F$8,0),4)*INDEX(設定!$B$29:$B$33,MATCH("Paradise Park",設定!$A$29:$A$33,0))/INDEX(実績!$S$5:$S$8,MATCH($I29,実績!$F$5:$F$8,0))/設定!$B$36,0)*設定!$B$36))+V29 -> 0 | N29: =MIN(INDEX(設定!$E$20:$E$24,MATCH("Central Lardprao (Dept.)",設定!$A$20:$A$24,0)),MAX(INDEX(設定!$B$20:$D$24,MATCH("Central Lardprao (Dept.)",設定!$A$20:$A$24,0),MATCH($E29,設定!$B$19:$D$19,0)),ROUND($H29*INDEX(実績!$N$5:$R$8,MATCH($I29,実績!$F$5:$F$8,0),5)*INDEX(設定!$B$29:$B$33,MATCH("Central Lardprao (Dept.)",設定!$A$29:$A$33,0))/INDEX(実績!$S$5:$S$8,MATCH($I29,実績!$F$5:$F$8,0))/設定!$B$36,0)*設定!$B$36))+W29 -> 0 | O29: =SUM(J29:N29) -> 1 | P29: =F29-O29 -> 5 | Q29: =IF(P29<0,"入荷数超過→要調整","")
A30: VFF Groundsplay LS | B30: Total Black | C30: W36 | D30: =LEFT(C30,1) -> W | E30: 極端 | F30: 9 | G30: =INDEX(設定!$B$6:$B$8,MATCH(A30,設定!$A$6:$A$8,0)) -> 0.33 | H30: =ROUND(F30*G30,0) -> 3 | I30: =IF(A30="VFF Spidrwalk","Spidrwalk",IF(A30="VFF Trailope WP","TrailopeWP","GLS_"&D30)) -> GLS_W | J30: =MIN(INDEX(設定!$E$20:$E$24,MATCH("K Village",設定!$A$20:$A$24,0)),MAX(INDEX(設定!$B$20:$D$24,MATCH("K Village",設定!$A$20:$A$24,0),MATCH($E30,設定!$B$19:$D$19,0)),ROUND($H30*INDEX(実績!$N$5:$R$8,MATCH($I30,実績!$F$5:$F$8,0),1)*INDEX(設定!$B$29:$B$33,MATCH("K Village",設定!$A$29:$A$33,0))/INDEX(実績!$S$5:$S$8,MATCH($I30,実績!$F$5:$F$8,0))/設定!$B$36,0)*設定!$B$36))+S30 -> 2 | K30: =MIN(INDEX(設定!$E$20:$E$24,MATCH("Central Chidlom",設定!$A$20:$A$24,0)),MAX(INDEX(設定!$B$20:$D$24,MATCH("Central Chidlom",設定!$A$20:$A$24,0),MATCH($E30,設定!$B$19:$D$19,0)),ROUND($H30*INDEX(実績!$N$5:$R$8,MATCH($I30,実績!$F$5:$F$8,0),2)*INDEX(設定!$B$29:$B$33,MATCH("Central Chidlom",設定!$A$29:$A$33,0))/INDEX(実績!$S$5:$S$8,MATCH($I30,実績!$F$5:$F$8,0))/設定!$B$36,0)*設定!$B$36))+T30 -> 1 | L30: =MIN(INDEX(設定!$E$20:$E$24,MATCH("Siam Discovery",設定!$A$20:$A$24,0)),MAX(INDEX(設定!$B$20:$D$24,MATCH("Siam Discovery",設定!$A$20:$A$24,0),MATCH($E30,設定!$B$19:$D$19,0)),ROUND($H30*INDEX(実績!$N$5:$R$8,MATCH($I30,実績!$F$5:$F$8,0),3)*INDEX(設定!$B$29:$B$33,MATCH("Siam Discovery",設定!$A$29:$A$33,0))/INDEX(実績!$S$5:$S$8,MATCH($I30,実績!$F$5:$F$8,0))/設定!$B$36,0)*設定!$B$36))+U30 -> 0 | M30: =MIN(INDEX(設定!$E$20:$E$24,MATCH("Paradise Park",設定!$A$20:$A$24,0)),MAX(INDEX(設定!$B$20:$D$24,MATCH("Paradise Park",設定!$A$20:$A$24,0),MATCH($E30,設定!$B$19:$D$19,0)),ROUND($H30*INDEX(実績!$N$5:$R$8,MATCH($I30,実績!$F$5:$F$8,0),4)*INDEX(設定!$B$29:$B$33,MATCH("Paradise Park",設定!$A$29:$A$33,0))/INDEX(実績!$S$5:$S$8,MATCH($I30,実績!$F$5:$F$8,0))/設定!$B$36,0)*設定!$B$36))+V30 -> 0 | N30: =MIN(INDEX(設定!$E$20:$E$24,MATCH("Central Lardprao (Dept.)",設定!$A$20:$A$24,0)),MAX(INDEX(設定!$B$20:$D$24,MATCH("Central Lardprao (Dept.)",設定!$A$20:$A$24,0),MATCH($E30,設定!$B$19:$D$19,0)),ROUND($H30*INDEX(実績!$N$5:$R$8,MATCH($I30,実績!$F$5:$F$8,0),5)*INDEX(設定!$B$29:$B$33,MATCH("Central Lardprao (Dept.)",設定!$A$29:$A$33,0))/INDEX(実績!$S$5:$S$8,MATCH($I30,実績!$F$5:$F$8,0))/設定!$B$36,0)*設定!$B$36))+W30 -> 0 | O30: =SUM(J30:N30) -> 3 | P30: =F30-O30 -> 6 | Q30: =IF(P30<0,"入荷数超過→要調整","")
A31: VFF Groundsplay LS | B31: Total Black | C31: W37 | D31: =LEFT(C31,1) -> W | E31: 端 | F31: 18 | G31: =INDEX(設定!$B$6:$B$8,MATCH(A31,設定!$A$6:$A$8,0)) -> 0.33 | H31: =ROUND(F31*G31,0) -> 6 | I31: =IF(A31="VFF Spidrwalk","Spidrwalk",IF(A31="VFF Trailope WP","TrailopeWP","GLS_"&D31)) -> GLS_W | J31: =MIN(INDEX(設定!$E$20:$E$24,MATCH("K Village",設定!$A$20:$A$24,0)),MAX(INDEX(設定!$B$20:$D$24,MATCH("K Village",設定!$A$20:$A$24,0),MATCH($E31,設定!$B$19:$D$19,0)),ROUND($H31*INDEX(実績!$N$5:$R$8,MATCH($I31,実績!$F$5:$F$8,0),1)*INDEX(設定!$B$29:$B$33,MATCH("K Village",設定!$A$29:$A$33,0))/INDEX(実績!$S$5:$S$8,MATCH($I31,実績!$F$5:$F$8,0))/設定!$B$36,0)*設定!$B$36))+S31 -> 2 | K31: =MIN(INDEX(設定!$E$20:$E$24,MATCH("Central Chidlom",設定!$A$20:$A$24,0)),MAX(INDEX(設定!$B$20:$D$24,MATCH("Central Chidlom",設定!$A$20:$A$24,0),MATCH($E31,設定!$B$19:$D$19,0)),ROUND($H31*INDEX(実績!$N$5:$R$8,MATCH($I31,実績!$F$5:$F$8,0),2)*INDEX(設定!$B$29:$B$33,MATCH("Central Chidlom",設定!$A$29:$A$33,0))/INDEX(実績!$S$5:$S$8,MATCH($I31,実績!$F$5:$F$8,0))/設定!$B$36,0)*設定!$B$36))+T31 -> 1 | L31: =MIN(INDEX(設定!$E$20:$E$24,MATCH("Siam Discovery",設定!$A$20:$A$24,0)),MAX(INDEX(設定!$B$20:$D$24,MATCH("Siam Discovery",設定!$A$20:$A$24,0),MATCH($E31,設定!$B$19:$D$19,0)),ROUND($H31*INDEX(実績!$N$5:$R$8,MATCH($I31,実績!$F$5:$F$8,0),3)*INDEX(設定!$B$29:$B$33,MATCH("Siam Discovery",設定!$A$29:$A$33,0))/INDEX(実績!$S$5:$S$8,MATCH($I31,実績!$F$5:$F$8,0))/設定!$B$36,0)*設定!$B$36))+U31 -> 1 | M31: =MIN(INDEX(設定!$E$20:$E$24,MATCH("Paradise Park",設定!$A$20:$A$24,0)),MAX(INDEX(設定!$B$20:$D$24,MATCH("Paradise Park",設定!$A$20:$A$24,0),MATCH($E31,設定!$B$19:$D$19,0)),ROUND($H31*INDEX(実績!$N$5:$R$8,MATCH($I31,実績!$F$5:$F$8,0),4)*INDEX(設定!$B$29:$B$33,MATCH("Paradise Park",設定!$A$29:$A$33,0))/INDEX(実績!$S$5:$S$8,MATCH($I31,実績!$F$5:$F$8,0))/設定!$B$36,0)*設定!$B$36))+V31 -> 1 | N31: =MIN(INDEX(設定!$E$20:$E$24,MATCH("Central Lardprao (Dept.)",設定!$A$20:$A$24,0)),MAX(INDEX(設定!$B$20:$D$24,MATCH("Central Lardprao (Dept.)",設定!$A$20:$A$24,0),MATCH($E31,設定!$B$19:$D$19,0)),ROUND($H31*INDEX(実績!$N$5:$R$8,MATCH($I31,実績!$F$5:$F$8,0),5)*INDEX(設定!$B$29:$B$33,MATCH("Central Lardprao (Dept.)",設定!$A$29:$A$33,0))/INDEX(実績!$S$5:$S$8,MATCH($I31,実績!$F$5:$F$8,0))/設定!$B$36,0)*設定!$B$36))+W31 -> 0 | O31: =SUM(J31:N31) -> 5 | P31: =F31-O31 -> 13 | Q31: =IF(P31<0,"入荷数超過→要調整","")
A32: VFF Groundsplay LS | B32: Total Black | C32: W38 | D32: =LEFT(C32,1) -> W | E32: 主要 | F32: 24 | G32: =INDEX(設定!$B$6:$B$8,MATCH(A32,設定!$A$6:$A$8,0)) -> 0.33 | H32: =ROUND(F32*G32,0) -> 8 | I32: =IF(A32="VFF Spidrwalk","Spidrwalk",IF(A32="VFF Trailope WP","TrailopeWP","GLS_"&D32)) -> GLS_W | J32: =MIN(INDEX(設定!$E$20:$E$24,MATCH("K Village",設定!$A$20:$A$24,0)),MAX(INDEX(設定!$B$20:$D$24,MATCH("K Village",設定!$A$20:$A$24,0),MATCH($E32,設定!$B$19:$D$19,0)),ROUND($H32*INDEX(実績!$N$5:$R$8,MATCH($I32,実績!$F$5:$F$8,0),1)*INDEX(設定!$B$29:$B$33,MATCH("K Village",設定!$A$29:$A$33,0))/INDEX(実績!$S$5:$S$8,MATCH($I32,実績!$F$5:$F$8,0))/設定!$B$36,0)*設定!$B$36))+S32 -> 2 | K32: =MIN(INDEX(設定!$E$20:$E$24,MATCH("Central Chidlom",設定!$A$20:$A$24,0)),MAX(INDEX(設定!$B$20:$D$24,MATCH("Central Chidlom",設定!$A$20:$A$24,0),MATCH($E32,設定!$B$19:$D$19,0)),ROUND($H32*INDEX(実績!$N$5:$R$8,MATCH($I32,実績!$F$5:$F$8,0),2)*INDEX(設定!$B$29:$B$33,MATCH("Central Chidlom",設定!$A$29:$A$33,0))/INDEX(実績!$S$5:$S$8,MATCH($I32,実績!$F$5:$F$8,0))/設定!$B$36,0)*設定!$B$36))+T32 -> 2 | L32: =MIN(INDEX(設定!$E$20:$E$24,MATCH("Siam Discovery",設定!$A$20:$A$24,0)),MAX(INDEX(設定!$B$20:$D$24,MATCH("Siam Discovery",設定!$A$20:$A$24,0),MATCH($E32,設定!$B$19:$D$19,0)),ROUND($H32*INDEX(実績!$N$5:$R$8,MATCH($I32,実績!$F$5:$F$8,0),3)*INDEX(設定!$B$29:$B$33,MATCH("Siam Discovery",設定!$A$29:$A$33,0))/INDEX(実績!$S$5:$S$8,MATCH($I32,実績!$F$5:$F$8,0))/設定!$B$36,0)*設定!$B$36))+U32 -> 1 | M32: =MIN(INDEX(設定!$E$20:$E$24,MATCH("Paradise Park",設定!$A$20:$A$24,0)),MAX(INDEX(設定!$B$20:$D$24,MATCH("Paradise Park",設定!$A$20:$A$24,0),MATCH($E32,設定!$B$19:$D$19,0)),ROUND($H32*INDEX(実績!$N$5:$R$8,MATCH($I32,実績!$F$5:$F$8,0),4)*INDEX(設定!$B$29:$B$33,MATCH("Paradise Park",設定!$A$29:$A$33,0))/INDEX(実績!$S$5:$S$8,MATCH($I32,実績!$F$5:$F$8,0))/設定!$B$36,0)*設定!$B$36))+V32 -> 1 | N32: =MIN(INDEX(設定!$E$20:$E$24,MATCH("Central Lardprao (Dept.)",設定!$A$20:$A$24,0)),MAX(INDEX(設定!$B$20:$D$24,MATCH("Central Lardprao (Dept.)",設定!$A$20:$A$24,0),MATCH($E32,設定!$B$19:$D$19,0)),ROUND($H32*INDEX(実績!$N$5:$R$8,MATCH($I32,実績!$F$5:$F$8,0),5)*INDEX(設定!$B$29:$B$33,MATCH("Central Lardprao (Dept.)",設定!$A$29:$A$33,0))/INDEX(実績!$S$5:$S$8,MATCH($I32,実績!$F$5:$F$8,0))/設定!$B$36,0)*設定!$B$36))+W32 -> 0 | O32: =SUM(J32:N32) -> 6 | P32: =F32-O32 -> 18 | Q32: =IF(P32<0,"入荷数超過→要調整","")
A33: VFF Groundsplay LS | B33: Total Black | C33: W39 | D33: =LEFT(C33,1) -> W | E33: 主要 | F33: 36 | G33: =INDEX(設定!$B$6:$B$8,MATCH(A33,設定!$A$6:$A$8,0)) -> 0.33 | H33: =ROUND(F33*G33,0) -> 12 | I33: =IF(A33="VFF Spidrwalk","Spidrwalk",IF(A33="VFF Trailope WP","TrailopeWP","GLS_"&D33)) -> GLS_W | J33: =MIN(INDEX(設定!$E$20:$E$24,MATCH("K Village",設定!$A$20:$A$24,0)),MAX(INDEX(設定!$B$20:$D$24,MATCH("K Village",設定!$A$20:$A$24,0),MATCH($E33,設定!$B$19:$D$19,0)),ROUND($H33*INDEX(実績!$N$5:$R$8,MATCH($I33,実績!$F$5:$F$8,0),1)*INDEX(設定!$B$29:$B$33,MATCH("K Village",設定!$A$29:$A$33,0))/INDEX(実績!$S$5:$S$8,MATCH($I33,実績!$F$5:$F$8,0))/設定!$B$36,0)*設定!$B$36))+S33 -> 2 | K33: =MIN(INDEX(設定!$E$20:$E$24,MATCH("Central Chidlom",設定!$A$20:$A$24,0)),MAX(INDEX(設定!$B$20:$D$24,MATCH("Central Chidlom",設定!$A$20:$A$24,0),MATCH($E33,設定!$B$19:$D$19,0)),ROUND($H33*INDEX(実績!$N$5:$R$8,MATCH($I33,実績!$F$5:$F$8,0),2)*INDEX(設定!$B$29:$B$33,MATCH("Central Chidlom",設定!$A$29:$A$33,0))/INDEX(実績!$S$5:$S$8,MATCH($I33,実績!$F$5:$F$8,0))/設定!$B$36,0)*設定!$B$36))+T33 -> 2 | L33: =MIN(INDEX(設定!$E$20:$E$24,MATCH("Siam Discovery",設定!$A$20:$A$24,0)),MAX(INDEX(設定!$B$20:$D$24,MATCH("Siam Discovery",設定!$A$20:$A$24,0),MATCH($E33,設定!$B$19:$D$19,0)),ROUND($H33*INDEX(実績!$N$5:$R$8,MATCH($I33,実績!$F$5:$F$8,0),3)*INDEX(設定!$B$29:$B$33,MATCH("Siam Discovery",設定!$A$29:$A$33,0))/INDEX(実績!$S$5:$S$8,MATCH($I33,実績!$F$5:$F$8,0))/設定!$B$36,0)*設定!$B$36))+U33 -> 2 | M33: =MIN(INDEX(設定!$E$20:$E$24,MATCH("Paradise Park",設定!$A$20:$A$24,0)),MAX(INDEX(設定!$B$20:$D$24,MATCH("Paradise Park",設定!$A$20:$A$24,0),MATCH($E33,設定!$B$19:$D$19,0)),ROUND($H33*INDEX(実績!$N$5:$R$8,MATCH($I33,実績!$F$5:$F$8,0),4)*INDEX(設定!$B$29:$B$33,MATCH("Paradise Park",設定!$A$29:$A$33,0))/INDEX(実績!$S$5:$S$8,MATCH($I33,実績!$F$5:$F$8,0))/設定!$B$36,0)*設定!$B$36))+V33 -> 2 | N33: =MIN(INDEX(設定!$E$20:$E$24,MATCH("Central Lardprao (Dept.)",設定!$A$20:$A$24,0)),MAX(INDEX(設定!$B$20:$D$24,MATCH("Central Lardprao (Dept.)",設定!$A$20:$A$24,0),MATCH($E33,設定!$B$19:$D$19,0)),ROUND($H33*INDEX(実績!$N$5:$R$8,MATCH($I33,実績!$F$5:$F$8,0),5)*INDEX(設定!$B$29:$B$33,MATCH("Central Lardprao (Dept.)",設定!$A$29:$A$33,0))/INDEX(実績!$S$5:$S$8,MATCH($I33,実績!$F$5:$F$8,0))/設定!$B$36,0)*設定!$B$36))+W33 -> 0 | O33: =SUM(J33:N33) -> 8 | P33: =F33-O33 -> 28 | Q33: =IF(P33<0,"入荷数超過→要調整","")
A34: VFF Groundsplay LS | B34: Total Black | C34: W40 | D34: =LEFT(C34,1) -> W | E34: 主要 | F34: 24 | G34: =INDEX(設定!$B$6:$B$8,MATCH(A34,設定!$A$6:$A$8,0)) -> 0.33 | H34: =ROUND(F34*G34,0) -> 8 | I34: =IF(A34="VFF Spidrwalk","Spidrwalk",IF(A34="VFF Trailope WP","TrailopeWP","GLS_"&D34)) -> GLS_W | J34: =MIN(INDEX(設定!$E$20:$E$24,MATCH("K Village",設定!$A$20:$A$24,0)),MAX(INDEX(設定!$B$20:$D$24,MATCH("K Village",設定!$A$20:$A$24,0),MATCH($E34,設定!$B$19:$D$19,0)),ROUND($H34*INDEX(実績!$N$5:$R$8,MATCH($I34,実績!$F$5:$F$8,0),1)*INDEX(設定!$B$29:$B$33,MATCH("K Village",設定!$A$29:$A$33,0))/INDEX(実績!$S$5:$S$8,MATCH($I34,実績!$F$5:$F$8,0))/設定!$B$36,0)*設定!$B$36))+S34 -> 2 | K34: =MIN(INDEX(設定!$E$20:$E$24,MATCH("Central Chidlom",設定!$A$20:$A$24,0)),MAX(INDEX(設定!$B$20:$D$24,MATCH("Central Chidlom",設定!$A$20:$A$24,0),MATCH($E34,設定!$B$19:$D$19,0)),ROUND($H34*INDEX(実績!$N$5:$R$8,MATCH($I34,実績!$F$5:$F$8,0),2)*INDEX(設定!$B$29:$B$33,MATCH("Central Chidlom",設定!$A$29:$A$33,0))/INDEX(実績!$S$5:$S$8,MATCH($I34,実績!$F$5:$F$8,0))/設定!$B$36,0)*設定!$B$36))+T34 -> 2 | L34: =MIN(INDEX(設定!$E$20:$E$24,MATCH("Siam Discovery",設定!$A$20:$A$24,0)),MAX(INDEX(設定!$B$20:$D$24,MATCH("Siam Discovery",設定!$A$20:$A$24,0),MATCH($E34,設定!$B$19:$D$19,0)),ROUND($H34*INDEX(実績!$N$5:$R$8,MATCH($I34,実績!$F$5:$F$8,0),3)*INDEX(設定!$B$29:$B$33,MATCH("Siam Discovery",設定!$A$29:$A$33,0))/INDEX(実績!$S$5:$S$8,MATCH($I34,実績!$F$5:$F$8,0))/設定!$B$36,0)*設定!$B$36))+U34 -> 1 | M34: =MIN(INDEX(設定!$E$20:$E$24,MATCH("Paradise Park",設定!$A$20:$A$24,0)),MAX(INDEX(設定!$B$20:$D$24,MATCH("Paradise Park",設定!$A$20:$A$24,0),MATCH($E34,設定!$B$19:$D$19,0)),ROUND($H34*INDEX(実績!$N$5:$R$8,MATCH($I34,実績!$F$5:$F$8,0),4)*INDEX(設定!$B$29:$B$33,MATCH("Paradise Park",設定!$A$29:$A$33,0))/INDEX(実績!$S$5:$S$8,MATCH($I34,実績!$F$5:$F$8,0))/設定!$B$36,0)*設定!$B$36))+V34 -> 1 | N34: =MIN(INDEX(設定!$E$20:$E$24,MATCH("Central Lardprao (Dept.)",設定!$A$20:$A$24,0)),MAX(INDEX(設定!$B$20:$D$24,MATCH("Central Lardprao (Dept.)",設定!$A$20:$A$24,0),MATCH($E34,設定!$B$19:$D$19,0)),ROUND($H34*INDEX(実績!$N$5:$R$8,MATCH($I34,実績!$F$5:$F$8,0),5)*INDEX(設定!$B$29:$B$33,MATCH("Central Lardprao (Dept.)",設定!$A$29:$A$33,0))/INDEX(実績!$S$5:$S$8,MATCH($I34,実績!$F$5:$F$8,0))/設定!$B$36,0)*設定!$B$36))+W34 -> 0 | O34: =SUM(J34:N34) -> 6 | P34: =F34-O34 -> 18 | Q34: =IF(P34<0,"入荷数超過→要調整","")
A35: VFF Groundsplay LS | B35: Total Black | C35: W41 | D35: =LEFT(C35,1) -> W | E35: 端 | F35: 15 | G35: =INDEX(設定!$B$6:$B$8,MATCH(A35,設定!$A$6:$A$8,0)) -> 0.33 | H35: =ROUND(F35*G35,0) -> 5 | I35: =IF(A35="VFF Spidrwalk","Spidrwalk",IF(A35="VFF Trailope WP","TrailopeWP","GLS_"&D35)) -> GLS_W | J35: =MIN(INDEX(設定!$E$20:$E$24,MATCH("K Village",設定!$A$20:$A$24,0)),MAX(INDEX(設定!$B$20:$D$24,MATCH("K Village",設定!$A$20:$A$24,0),MATCH($E35,設定!$B$19:$D$19,0)),ROUND($H35*INDEX(実績!$N$5:$R$8,MATCH($I35,実績!$F$5:$F$8,0),1)*INDEX(設定!$B$29:$B$33,MATCH("K Village",設定!$A$29:$A$33,0))/INDEX(実績!$S$5:$S$8,MATCH($I35,実績!$F$5:$F$8,0))/設定!$B$36,0)*設定!$B$36))+S35 -> 2 | K35: =MIN(INDEX(設定!$E$20:$E$24,MATCH("Central Chidlom",設定!$A$20:$A$24,0)),MAX(INDEX(設定!$B$20:$D$24,MATCH("Central Chidlom",設定!$A$20:$A$24,0),MATCH($E35,設定!$B$19:$D$19,0)),ROUND($H35*INDEX(実績!$N$5:$R$8,MATCH($I35,実績!$F$5:$F$8,0),2)*INDEX(設定!$B$29:$B$33,MATCH("Central Chidlom",設定!$A$29:$A$33,0))/INDEX(実績!$S$5:$S$8,MATCH($I35,実績!$F$5:$F$8,0))/設定!$B$36,0)*設定!$B$36))+T35 -> 1 | L35: =MIN(INDEX(設定!$E$20:$E$24,MATCH("Siam Discovery",設定!$A$20:$A$24,0)),MAX(INDEX(設定!$B$20:$D$24,MATCH("Siam Discovery",設定!$A$20:$A$24,0),MATCH($E35,設定!$B$19:$D$19,0)),ROUND($H35*INDEX(実績!$N$5:$R$8,MATCH($I35,実績!$F$5:$F$8,0),3)*INDEX(設定!$B$29:$B$33,MATCH("Siam Discovery",設定!$A$29:$A$33,0))/INDEX(実績!$S$5:$S$8,MATCH($I35,実績!$F$5:$F$8,0))/設定!$B$36,0)*設定!$B$36))+U35 -> 1 | M35: =MIN(INDEX(設定!$E$20:$E$24,MATCH("Paradise Park",設定!$A$20:$A$24,0)),MAX(INDEX(設定!$B$20:$D$24,MATCH("Paradise Park",設定!$A$20:$A$24,0),MATCH($E35,設定!$B$19:$D$19,0)),ROUND($H35*INDEX(実績!$N$5:$R$8,MATCH($I35,実績!$F$5:$F$8,0),4)*INDEX(設定!$B$29:$B$33,MATCH("Paradise Park",設定!$A$29:$A$33,0))/INDEX(実績!$S$5:$S$8,MATCH($I35,実績!$F$5:$F$8,0))/設定!$B$36,0)*設定!$B$36))+V35 -> 1 | N35: =MIN(INDEX(設定!$E$20:$E$24,MATCH("Central Lardprao (Dept.)",設定!$A$20:$A$24,0)),MAX(INDEX(設定!$B$20:$D$24,MATCH("Central Lardprao (Dept.)",設定!$A$20:$A$24,0),MATCH($E35,設定!$B$19:$D$19,0)),ROUND($H35*INDEX(実績!$N$5:$R$8,MATCH($I35,実績!$F$5:$F$8,0),5)*INDEX(設定!$B$29:$B$33,MATCH("Central Lardprao (Dept.)",設定!$A$29:$A$33,0))/INDEX(実績!$S$5:$S$8,MATCH($I35,実績!$F$5:$F$8,0))/設定!$B$36,0)*設定!$B$36))+W35 -> 0 | O35: =SUM(J35:N35) -> 5 | P35: =F35-O35 -> 10 | Q35: =IF(P35<0,"入荷数超過→要調整","")
A36: VFF Groundsplay LS | B36: Total Black | C36: W42 | D36: =LEFT(C36,1) -> W | E36: 極端 | F36: 6 | G36: =INDEX(設定!$B$6:$B$8,MATCH(A36,設定!$A$6:$A$8,0)) -> 0.33 | H36: =ROUND(F36*G36,0) -> 2 | I36: =IF(A36="VFF Spidrwalk","Spidrwalk",IF(A36="VFF Trailope WP","TrailopeWP","GLS_"&D36)) -> GLS_W | J36: =MIN(INDEX(設定!$E$20:$E$24,MATCH("K Village",設定!$A$20:$A$24,0)),MAX(INDEX(設定!$B$20:$D$24,MATCH("K Village",設定!$A$20:$A$24,0),MATCH($E36,設定!$B$19:$D$19,0)),ROUND($H36*INDEX(実績!$N$5:$R$8,MATCH($I36,実績!$F$5:$F$8,0),1)*INDEX(設定!$B$29:$B$33,MATCH("K Village",設定!$A$29:$A$33,0))/INDEX(実績!$S$5:$S$8,MATCH($I36,実績!$F$5:$F$8,0))/設定!$B$36,0)*設定!$B$36))+S36 -> 1 | K36: =MIN(INDEX(設定!$E$20:$E$24,MATCH("Central Chidlom",設定!$A$20:$A$24,0)),MAX(INDEX(設定!$B$20:$D$24,MATCH("Central Chidlom",設定!$A$20:$A$24,0),MATCH($E36,設定!$B$19:$D$19,0)),ROUND($H36*INDEX(実績!$N$5:$R$8,MATCH($I36,実績!$F$5:$F$8,0),2)*INDEX(設定!$B$29:$B$33,MATCH("Central Chidlom",設定!$A$29:$A$33,0))/INDEX(実績!$S$5:$S$8,MATCH($I36,実績!$F$5:$F$8,0))/設定!$B$36,0)*設定!$B$36))+T36 -> 0 | L36: =MIN(INDEX(設定!$E$20:$E$24,MATCH("Siam Discovery",設定!$A$20:$A$24,0)),MAX(INDEX(設定!$B$20:$D$24,MATCH("Siam Discovery",設定!$A$20:$A$24,0),MATCH($E36,設定!$B$19:$D$19,0)),ROUND($H36*INDEX(実績!$N$5:$R$8,MATCH($I36,実績!$F$5:$F$8,0),3)*INDEX(設定!$B$29:$B$33,MATCH("Siam Discovery",設定!$A$29:$A$33,0))/INDEX(実績!$S$5:$S$8,MATCH($I36,実績!$F$5:$F$8,0))/設定!$B$36,0)*設定!$B$36))+U36 -> 0 | M36: =MIN(INDEX(設定!$E$20:$E$24,MATCH("Paradise Park",設定!$A$20:$A$24,0)),MAX(INDEX(設定!$B$20:$D$24,MATCH("Paradise Park",設定!$A$20:$A$24,0),MATCH($E36,設定!$B$19:$D$19,0)),ROUND($H36*INDEX(実績!$N$5:$R$8,MATCH($I36,実績!$F$5:$F$8,0),4)*INDEX(設定!$B$29:$B$33,MATCH("Paradise Park",設定!$A$29:$A$33,0))/INDEX(実績!$S$5:$S$8,MATCH($I36,実績!$F$5:$F$8,0))/設定!$B$36,0)*設定!$B$36))+V36 -> 0 | N36: =MIN(INDEX(設定!$E$20:$E$24,MATCH("Central Lardprao (Dept.)",設定!$A$20:$A$24,0)),MAX(INDEX(設定!$B$20:$D$24,MATCH("Central Lardprao (Dept.)",設定!$A$20:$A$24,0),MATCH($E36,設定!$B$19:$D$19,0)),ROUND($H36*INDEX(実績!$N$5:$R$8,MATCH($I36,実績!$F$5:$F$8,0),5)*INDEX(設定!$B$29:$B$33,MATCH("Central Lardprao (Dept.)",設定!$A$29:$A$33,0))/INDEX(実績!$S$5:$S$8,MATCH($I36,実績!$F$5:$F$8,0))/設定!$B$36,0)*設定!$B$36))+W36 -> 0 | O36: =SUM(J36:N36) -> 1 | P36: =F36-O36 -> 5 | Q36: =IF(P36<0,"入荷数超過→要調整","")
A37: VFF Groundsplay LS | B37: Ivory Deep Lake | C37: M40 | D37: =LEFT(C37,1) -> M | E37: 端 | F37: 27 | G37: =INDEX(設定!$B$6:$B$8,MATCH(A37,設定!$A$6:$A$8,0)) -> 0.33 | H37: =ROUND(F37*G37,0) -> 9 | I37: =IF(A37="VFF Spidrwalk","Spidrwalk",IF(A37="VFF Trailope WP","TrailopeWP","GLS_"&D37)) -> GLS_M | J37: =MIN(INDEX(設定!$E$20:$E$24,MATCH("K Village",設定!$A$20:$A$24,0)),MAX(INDEX(設定!$B$20:$D$24,MATCH("K Village",設定!$A$20:$A$24,0),MATCH($E37,設定!$B$19:$D$19,0)),ROUND($H37*INDEX(実績!$N$5:$R$8,MATCH($I37,実績!$F$5:$F$8,0),1)*INDEX(設定!$B$29:$B$33,MATCH("K Village",設定!$A$29:$A$33,0))/INDEX(実績!$S$5:$S$8,MATCH($I37,実績!$F$5:$F$8,0))/設定!$B$36,0)*設定!$B$36))+S37 -> 2 | K37: =MIN(INDEX(設定!$E$20:$E$24,MATCH("Central Chidlom",設定!$A$20:$A$24,0)),MAX(INDEX(設定!$B$20:$D$24,MATCH("Central Chidlom",設定!$A$20:$A$24,0),MATCH($E37,設定!$B$19:$D$19,0)),ROUND($H37*INDEX(実績!$N$5:$R$8,MATCH($I37,実績!$F$5:$F$8,0),2)*INDEX(設定!$B$29:$B$33,MATCH("Central Chidlom",設定!$A$29:$A$33,0))/INDEX(実績!$S$5:$S$8,MATCH($I37,実績!$F$5:$F$8,0))/設定!$B$36,0)*設定!$B$36))+T37 -> 2 | L37: =MIN(INDEX(設定!$E$20:$E$24,MATCH("Siam Discovery",設定!$A$20:$A$24,0)),MAX(INDEX(設定!$B$20:$D$24,MATCH("Siam Discovery",設定!$A$20:$A$24,0),MATCH($E37,設定!$B$19:$D$19,0)),ROUND($H37*INDEX(実績!$N$5:$R$8,MATCH($I37,実績!$F$5:$F$8,0),3)*INDEX(設定!$B$29:$B$33,MATCH("Siam Discovery",設定!$A$29:$A$33,0))/INDEX(実績!$S$5:$S$8,MATCH($I37,実績!$F$5:$F$8,0))/設定!$B$36,0)*設定!$B$36))+U37 -> 1 | M37: =MIN(INDEX(設定!$E$20:$E$24,MATCH("Paradise Park",設定!$A$20:$A$24,0)),MAX(INDEX(設定!$B$20:$D$24,MATCH("Paradise Park",設定!$A$20:$A$24,0),MATCH($E37,設定!$B$19:$D$19,0)),ROUND($H37*INDEX(実績!$N$5:$R$8,MATCH($I37,実績!$F$5:$F$8,0),4)*INDEX(設定!$B$29:$B$33,MATCH("Paradise Park",設定!$A$29:$A$33,0))/INDEX(実績!$S$5:$S$8,MATCH($I37,実績!$F$5:$F$8,0))/設定!$B$36,0)*設定!$B$36))+V37 -> 1 | N37: =MIN(INDEX(設定!$E$20:$E$24,MATCH("Central Lardprao (Dept.)",設定!$A$20:$A$24,0)),MAX(INDEX(設定!$B$20:$D$24,MATCH("Central Lardprao (Dept.)",設定!$A$20:$A$24,0),MATCH($E37,設定!$B$19:$D$19,0)),ROUND($H37*INDEX(実績!$N$5:$R$8,MATCH($I37,実績!$F$5:$F$8,0),5)*INDEX(設定!$B$29:$B$33,MATCH("Central Lardprao (Dept.)",設定!$A$29:$A$33,0))/INDEX(実績!$S$5:$S$8,MATCH($I37,実績!$F$5:$F$8,0))/設定!$B$36,0)*設定!$B$36))+W37 -> 0 | O37: =SUM(J37:N37) -> 6 | P37: =F37-O37 -> 21 | Q37: =IF(P37<0,"入荷数超過→要調整","")
A38: VFF Groundsplay LS | B38: Ivory Deep Lake | C38: M41 | D38: =LEFT(C38,1) -> M | E38: 主要 | F38: 42 | G38: =INDEX(設定!$B$6:$B$8,MATCH(A38,設定!$A$6:$A$8,0)) -> 0.33 | H38: =ROUND(F38*G38,0) -> 14 | I38: =IF(A38="VFF Spidrwalk","Spidrwalk",IF(A38="VFF Trailope WP","TrailopeWP","GLS_"&D38)) -> GLS_M | J38: =MIN(INDEX(設定!$E$20:$E$24,MATCH("K Village",設定!$A$20:$A$24,0)),MAX(INDEX(設定!$B$20:$D$24,MATCH("K Village",設定!$A$20:$A$24,0),MATCH($E38,設定!$B$19:$D$19,0)),ROUND($H38*INDEX(実績!$N$5:$R$8,MATCH($I38,実績!$F$5:$F$8,0),1)*INDEX(設定!$B$29:$B$33,MATCH("K Village",設定!$A$29:$A$33,0))/INDEX(実績!$S$5:$S$8,MATCH($I38,実績!$F$5:$F$8,0))/設定!$B$36,0)*設定!$B$36))+S38 -> 2 | K38: =MIN(INDEX(設定!$E$20:$E$24,MATCH("Central Chidlom",設定!$A$20:$A$24,0)),MAX(INDEX(設定!$B$20:$D$24,MATCH("Central Chidlom",設定!$A$20:$A$24,0),MATCH($E38,設定!$B$19:$D$19,0)),ROUND($H38*INDEX(実績!$N$5:$R$8,MATCH($I38,実績!$F$5:$F$8,0),2)*INDEX(設定!$B$29:$B$33,MATCH("Central Chidlom",設定!$A$29:$A$33,0))/INDEX(実績!$S$5:$S$8,MATCH($I38,実績!$F$5:$F$8,0))/設定!$B$36,0)*設定!$B$36))+T38 -> 2 | L38: =MIN(INDEX(設定!$E$20:$E$24,MATCH("Siam Discovery",設定!$A$20:$A$24,0)),MAX(INDEX(設定!$B$20:$D$24,MATCH("Siam Discovery",設定!$A$20:$A$24,0),MATCH($E38,設定!$B$19:$D$19,0)),ROUND($H38*INDEX(実績!$N$5:$R$8,MATCH($I38,実績!$F$5:$F$8,0),3)*INDEX(設定!$B$29:$B$33,MATCH("Siam Discovery",設定!$A$29:$A$33,0))/INDEX(実績!$S$5:$S$8,MATCH($I38,実績!$F$5:$F$8,0))/設定!$B$36,0)*設定!$B$36))+U38 -> 2 | M38: =MIN(INDEX(設定!$E$20:$E$24,MATCH("Paradise Park",設定!$A$20:$A$24,0)),MAX(INDEX(設定!$B$20:$D$24,MATCH("Paradise Park",設定!$A$20:$A$24,0),MATCH($E38,設定!$B$19:$D$19,0)),ROUND($H38*INDEX(実績!$N$5:$R$8,MATCH($I38,実績!$F$5:$F$8,0),4)*INDEX(設定!$B$29:$B$33,MATCH("Paradise Park",設定!$A$29:$A$33,0))/INDEX(実績!$S$5:$S$8,MATCH($I38,実績!$F$5:$F$8,0))/設定!$B$36,0)*設定!$B$36))+V38 -> 2 | N38: =MIN(INDEX(設定!$E$20:$E$24,MATCH("Central Lardprao (Dept.)",設定!$A$20:$A$24,0)),MAX(INDEX(設定!$B$20:$D$24,MATCH("Central Lardprao (Dept.)",設定!$A$20:$A$24,0),MATCH($E38,設定!$B$19:$D$19,0)),ROUND($H38*INDEX(実績!$N$5:$R$8,MATCH($I38,実績!$F$5:$F$8,0),5)*INDEX(設定!$B$29:$B$33,MATCH("Central Lardprao (Dept.)",設定!$A$29:$A$33,0))/INDEX(実績!$S$5:$S$8,MATCH($I38,実績!$F$5:$F$8,0))/設定!$B$36,0)*設定!$B$36))+W38 -> 1 | O38: =SUM(J38:N38) -> 9 | P38: =F38-O38 -> 33 | Q38: =IF(P38<0,"入荷数超過→要調整","")
... A59: VFF Groundsplay LS | B59: Black Lime | C59: M47 | D59: =LEFT(C59,1) -> M | E59: 極端 | F59: 6 | G59: =INDEX(設定!$B$6:$B$8,MATCH(A59,設定!$A$6:$A$8,0)) -> 0.33 | H59: =ROUND(F59*G59,0) -> 2 | I59: =IF(A59="VFF Spidrwalk","Spidrwalk",IF(A59="VFF Trailope WP","TrailopeWP","GLS_"&D59)) -> GLS_M | J59: =MIN(INDEX(設定!$E$20:$E$24,MATCH("K Village",設定!$A$20:$A$24,0)),MAX(INDEX(設定!$B$20:$D$24,MATCH("K Village",設定!$A$20:$A$24,0),MATCH($E59,設定!$B$19:$D$19,0)),ROUND($H59*INDEX(実績!$N$5:$R$8,MATCH($I59,実績!$F$5:$F$8,0),1)*INDEX(設定!$B$29:$B$33,MATCH("K Village",設定!$A$29:$A$33,0))/INDEX(実績!$S$5:$S$8,MATCH($I59,実績!$F$5:$F$8,0))/設定!$B$36,0)*設定!$B$36))+S59 -> 1 | K59: =MIN(INDEX(設定!$E$20:$E$24,MATCH("Central Chidlom",設定!$A$20:$A$24,0)),MAX(INDEX(設定!$B$20:$D$24,MATCH("Central Chidlom",設定!$A$20:$A$24,0),MATCH($E59,設定!$B$19:$D$19,0)),ROUND($H59*INDEX(実績!$N$5:$R$8,MATCH($I59,実績!$F$5:$F$8,0),2)*INDEX(設定!$B$29:$B$33,MATCH("Central Chidlom",設定!$A$29:$A$33,0))/INDEX(実績!$S$5:$S$8,MATCH($I59,実績!$F$5:$F$8,0))/設定!$B$36,0)*設定!$B$36))+T59 -> 0 | L59: =MIN(INDEX(設定!$E$20:$E$24,MATCH("Siam Discovery",設定!$A$20:$A$24,0)),MAX(INDEX(設定!$B$20:$D$24,MATCH("Siam Discovery",設定!$A$20:$A$24,0),MATCH($E59,設定!$B$19:$D$19,0)),ROUND($H59*INDEX(実績!$N$5:$R$8,MATCH($I59,実績!$F$5:$F$8,0),3)*INDEX(設定!$B$29:$B$33,MATCH("Siam Discovery",設定!$A$29:$A$33,0))/INDEX(実績!$S$5:$S$8,MATCH($I59,実績!$F$5:$F$8,0))/設定!$B$36,0)*設定!$B$36))+U59 -> 0 | M59: =MIN(INDEX(設定!$E$20:$E$24,MATCH("Paradise Park",設定!$A$20:$A$24,0)),MAX(INDEX(設定!$B$20:$D$24,MATCH("Paradise Park",設定!$A$20:$A$24,0),MATCH($E59,設定!$B$19:$D$19,0)),ROUND($H59*INDEX(実績!$N$5:$R$8,MATCH($I59,実績!$F$5:$F$8,0),4)*INDEX(設定!$B$29:$B$33,MATCH("Paradise Park",設定!$A$29:$A$33,0))/INDEX(実績!$S$5:$S$8,MATCH($I59,実績!$F$5:$F$8,0))/設定!$B$36,0)*設定!$B$36))+V59 -> 0 | N59: =MIN(INDEX(設定!$E$20:$E$24,MATCH("Central Lardprao (Dept.)",設定!$A$20:$A$24,0)),MAX(INDEX(設定!$B$20:$D$24,MATCH("Central Lardprao (Dept.)",設定!$A$20:$A$24,0),MATCH($E59,設定!$B$19:$D$19,0)),ROUND($H59*INDEX(実績!$N$5:$R$8,MATCH($I59,実績!$F$5:$F$8,0),5)*INDEX(設定!$B$29:$B$33,MATCH("Central Lardprao (Dept.)",設定!$A$29:$A$33,0))/INDEX(実績!$S$5:$S$8,MATCH($I59,実績!$F$5:$F$8,0))/設定!$B$36,0)*設定!$B$36))+W59 -> 0 | O59: =SUM(J59:N59) -> 1 | P59: =F59-O59 -> 5 | Q59: =IF(P59<0,"入荷数超過→要調整","")
A60: 合計 | F60: =SUM(F5:F59) -> 1068 | H60: =SUM(H5:H59) -> 341 | J60: =SUM(J5:J59) -> 92 | K60: =SUM(K5:K59) -> 65 | L60: =SUM(L5:L59) -> 52 | M60: =SUM(M5:M59) -> 53 | N60: =SUM(N5:N59) -> 7 | O60: =SUM(O5:O59) -> 269 | P60: =SUM(P5:P59) -> 799

Sheet サマリー
A1: 配分サマリー（モデル・カラー × 店舗）
A3: モデル | B3: カラー | C3: 入荷数 | D3: K Village | E3: Central CL (Chidlom) | F3: Siam Discovery | G3: Paradise Park | H3: Central LP (Lardprao) | I3: 店舗合計 | J3: 倉庫保留 | K3: 店舗投入率 | L3: 上限チェック
A4: VFF Spidrwalk | B4: Brown/Black | C4: =SUMIFS(配分表!$F$5:$F$59,配分表!$A$5:$A$59,A4,配分表!$B$5:$B$59,B4) -> 108 | D4: =SUMIFS(配分表!$J$5:$J$59,配分表!$A$5:$A$59,A4,配分表!$B$5:$B$59,B4) -> 12 | E4: =SUMIFS(配分表!$K$5:$K$59,配分表!$A$5:$A$59,A4,配分表!$B$5:$B$59,B4) -> 9 | F4: =SUMIFS(配分表!$L$5:$L$59,配分表!$A$5:$A$59,A4,配分表!$B$5:$B$59,B4) -> 7 | G4: =SUMIFS(配分表!$M$5:$M$59,配分表!$A$5:$A$59,A4,配分表!$B$5:$B$59,B4) -> 5 | H4: =SUMIFS(配分表!$N$5:$N$59,配分表!$A$5:$A$59,A4,配分表!$B$5:$B$59,B4) -> 0 | I4: =SUM(D4:H4) -> 33 | J4: =C4-I4 -> 75 | K4: =IF(C4=0,0,I4/C4) -> 0.30555556 | L4: =IF(K4>設定!$B$42,"上限超過","OK") -> OK
A5: VFF Trailope WP | B5: Brown/Black | C5: =SUMIFS(配分表!$F$5:$F$59,配分表!$A$5:$A$59,A5,配分表!$B$5:$B$59,B5) -> 132 | D5: =SUMIFS(配分表!$J$5:$J$59,配分表!$A$5:$A$59,A5,配分表!$B$5:$B$59,B5) -> 13 | E5: =SUMIFS(配分表!$K$5:$K$59,配分表!$A$5:$A$59,A5,配分表!$B$5:$B$59,B5) -> 7 | F5: =SUMIFS(配分表!$L$5:$L$59,配分表!$A$5:$A$59,A5,配分表!$B$5:$B$59,B5) -> 7 | G5: =SUMIFS(配分表!$M$5:$M$59,配分表!$A$5:$A$59,A5,配分表!$B$5:$B$59,B5) -> 9 | H5: =SUMIFS(配分表!$N$5:$N$59,配分表!$A$5:$A$59,A5,配分表!$B$5:$B$59,B5) -> 2 | I5: =SUM(D5:H5) -> 38 | J5: =C5-I5 -> 94 | K5: =IF(C5=0,0,I5/C5) -> 0.28787879 | L5: =IF(K5>設定!$B$42,"上限超過","OK") -> OK
A6: VFF Groundsplay LS | B6: Total Black | C6: =SUMIFS(配分表!$F$5:$F$59,配分表!$A$5:$A$59,A6,配分表!$B$5:$B$59,B6) -> 324 | D6: =SUMIFS(配分表!$J$5:$J$59,配分表!$A$5:$A$59,A6,配分表!$B$5:$B$59,B6) -> 27 | E6: =SUMIFS(配分表!$K$5:$K$59,配分表!$A$5:$A$59,A6,配分表!$B$5:$B$59,B6) -> 19 | F6: =SUMIFS(配分表!$L$5:$L$59,配分表!$A$5:$A$59,A6,配分表!$B$5:$B$59,B6) -> 15 | G6: =SUMIFS(配分表!$M$5:$M$59,配分表!$A$5:$A$59,A6,配分表!$B$5:$B$59,B6) -> 15 | H6: =SUMIFS(配分表!$N$5:$N$59,配分表!$A$5:$A$59,A6,配分表!$B$5:$B$59,B6) -> 2 | I6: =SUM(D6:H6) -> 78 | J6: =C6-I6 -> 246 | K6: =IF(C6=0,0,I6/C6) -> 0.24074074 | L6: =IF(K6>設定!$B$42,"上限超過","OK") -> OK
A7: VFF Groundsplay LS | B7: Ivory Deep Lake | C7: =SUMIFS(配分表!$F$5:$F$59,配分表!$A$5:$A$59,A7,配分表!$B$5:$B$59,B7) -> 360 | D7: =SUMIFS(配分表!$J$5:$J$59,配分表!$A$5:$A$59,A7,配分表!$B$5:$B$59,B7) -> 27 | E7: =SUMIFS(配分表!$K$5:$K$59,配分表!$A$5:$A$59,A7,配分表!$B$5:$B$59,B7) -> 20 | F7: =SUMIFS(配分表!$L$5:$L$59,配分表!$A$5:$A$59,A7,配分表!$B$5:$B$59,B7) -> 16 | G7: =SUMIFS(配分表!$M$5:$M$59,配分表!$A$5:$A$59,A7,配分表!$B$5:$B$59,B7) -> 17 | H7: =SUMIFS(配分表!$N$5:$N$59,配分表!$A$5:$A$59,A7,配分表!$B$5:$B$59,B7) -> 3 | I7: =SUM(D7:H7) -> 83 | J7: =C7-I7 -> 277 | K7: =IF(C7=0,0,I7/C7) -> 0.23055556 | L7: =IF(K7>設定!$B$42,"上限超過","OK") -> OK
A8: VFF Groundsplay LS | B8: Black Lime | C8: =SUMIFS(配分表!$F$5:$F$59,配分表!$A$5:$A$59,A8,配分表!$B$5:$B$59,B8) -> 144 | D8: =SUMIFS(配分表!$J$5:$J$59,配分表!$A$5:$A$59,A8,配分表!$B$5:$B$59,B8) -> 13 | E8: =SUMIFS(配分表!$K$5:$K$59,配分表!$A$5:$A$59,A8,配分表!$B$5:$B$59,B8) -> 10 | F8: =SUMIFS(配分表!$L$5:$L$59,配分表!$A$5:$A$59,A8,配分表!$B$5:$B$59,B8) -> 7 | G8: =SUMIFS(配分表!$M$5:$M$59,配分表!$A$5:$A$59,A8,配分表!$B$5:$B$59,B8) -> 7 | H8: =SUMIFS(配分表!$N$5:$N$59,配分表!$A$5:$A$59,A8,配分表!$B$5:$B$59,B8) -> 0 | I8: =SUM(D8:H8) -> 37 | J8: =C8-I8 -> 107 | K8: =IF(C8=0,0,I8/C8) -> 0.25694444 | L8: =IF(K8>設定!$B$42,"上限超過","OK") -> OK
A9: 合計 | C9: =SUM(C4:C8) -> 1068 | D9: =SUM(D4:D8) -> 92 | E9: =SUM(E4:E8) -> 65 | F9: =SUM(F4:F8) -> 52 | G9: =SUM(G4:G8) -> 53 | H9: =SUM(H4:H8) -> 7 | I9: =SUM(I4:I8) -> 269 | J9: =SUM(J4:J8) -> 799 | K9: =IF(C9=0,0,I9/C9) -> 0.25187266 | L9: =IF(K9>設定!$B$42,"上限超過","OK") -> OK
A12: 店舗別 投入足数と、参考モデルの月平均販売足数に対する在庫月数（目安）
A13: 店舗 | B13: 今回投入足数 | C13: 参考6モデル 月平均販売 | D13: 在庫月数(目安)
A14: K Village | B14: =D9 -> 92 | C14: =SUMIFS(実績!$D$5:$D$64,実績!$A$5:$A$64,"K Village")/INDEX(設定!$B$12:$B$16,MATCH("K Village",設定!$A$12:$A$16,0)) -> 28.125 | D14: =IF(C14=0,"-",B14/C14) -> 3.2711111
A15: Central CL (Chidlom) | B15: =E9 -> 65 | C15: =SUMIFS(実績!$D$5:$D$64,実績!$A$5:$A$64,"Central Chidlom")/INDEX(設定!$B$12:$B$16,MATCH("Central Chidlom",設定!$A$12:$A$16,0)) -> 12.125 | D15: =IF(C15=0,"-",B15/C15) -> 5.3608247
A16: Siam Discovery | B16: =F9 -> 52 | C16: =SUMIFS(実績!$D$5:$D$64,実績!$A$5:$A$64,"Siam Discovery")/INDEX(設定!$B$12:$B$16,MATCH("Siam Discovery",設定!$A$12:$A$16,0)) -> 9.625 | D16: =IF(C16=0,"-",B16/C16) -> 5.4025974
A17: Paradise Park | B17: =G9 -> 53 | C17: =SUMIFS(実績!$D$5:$D$64,実績!$A$5:$A$64,"Paradise Park")/INDEX(設定!$B$12:$B$16,MATCH("Paradise Park",設定!$A$12:$A$16,0)) -> 9.4 | D17: =IF(C17=0,"-",B17/C17) -> 5.6382979
A18: Central LP (Lardprao) | B18: =H9 -> 7 | C18: =SUMIFS(実績!$D$5:$D$64,実績!$A$5:$A$64,"Central Lardprao (Dept.)")/INDEX(設定!$B$12:$B$16,MATCH("Central Lardprao (Dept.)",設定!$A$12:$A$16,0)) -> 1.5 | D18: =IF(C18=0,"-",B18/C18) -> 4.6666667
A19: ※ 在庫月数は「参考6モデルの合計月平均」で割った目安。新商品3モデルの実売はこれより少なくなる前提で読んでください。

Sheet 既存在庫
A1: 9/25時点 場所別 既存在庫と在庫月数（参考）
A2: 出典：VFF在庫ダッシュボード（Store_Stock_092526.xlsx／VFF_Stock_25-09-26.xlsx、9/25営業終了時点）。月平均販売は販売実績ダッシュボード2026年1〜8月のVFFシューズ足数。
A4: 場所 | B4: 在庫足数 | C4: うち今回の新入荷 | D4: 新入荷除く在庫 | E4: 月平均販売(2026/1-8) | F4: 在庫月数 | G4: 備考
A5: Office | B5: 4158 | C5: 1068 | D5: =B5-C5 -> 3090 | E5: 540 | F5: =IF(E5=0,"-",D5/E5) -> 5.7222222 | G5: オンライン189＋対EDV卸254＋イベント74＋委託27
A6: K Village | B6: 435 | C6: 0 | D6: =B6-C6 -> 435 | E6: 130 | F6: =IF(E6=0,"-",D6/E6) -> 3.3461538 | G6: 推定（対EDV卸に含まれるため直接集計不可。参考6モデルでCentral CLの2.3倍）
A7: Central CL (Department) | B7: 258 | C7: 0 | D7: =B7-C7 -> 258 | E7: 58 | F7: =IF(E7=0,"-",D7/E7) -> 4.4482759
A8: Siam Discovery | B8: 259 | C8: 0 | D8: =B8-C8 -> 259 | E8: 48 | F8: =IF(E8=0,"-",D8/E8) -> 5.3958333
A9: Paradise Park | B9: 577 | C9: 0 | D9: =B9-C9 -> 577 | E9: 52 | F9: =IF(E9=0,"-",D9/E9) -> 11.096154 | G9: 4月開店、5ヶ月平均
A10: Central LP | B10: 344 | C10: 0 | D10: =B10-C10 -> 344 | E10: 11 | F10: =IF(E10=0,"-",D10/E10) -> 31.272727
A11: 店舗合計 | B11: =SUM(B6:B10) -> 1873 | C11: =SUM(C6:C10) -> 0 | D11: =SUM(D6:D10) -> 1873
A12: 総合計 | B12: =SUM(B5:B10) -> 6031 | C12: =SUM(C5:C10) -> 1068 | D12: =SUM(D5:D10) -> 4963
A13: Office比率（新入荷除く） | D13: =D5/D12 -> 0.62260729
A14: 店舗比率（新入荷除く） | D14: =D11/D12 -> 0.37739271
A16: 読み方：売れている店（K Village・Central CL・Siam Discovery）ほど在庫月数が短く、Paradise Park・Central LPは過剰。新商品配分は前者に厚く、後者は最低限にし、既存在庫の店間移動を別途提案する。

Sheet 配分ロジック
A1: 配分ロジック（社長説明用）
A3: 1. 目的：新入荷3モデル（Spidrwalk新色／Trailope WP／Groundsplay LS 3色、計1,068足）を5店舗に配分し、残りをOffice在庫として保留する。
A5: ="2. 店舗への初回投入は、モデル別の初回投入率（Spidrwalk "&TEXT(設定!B6,"0%")&"／Trailope WP "&TEXT(設定!B7,"0%")&"／Groundsplay LS "&TEXT(設定!B8,"0%")&"。上限"&TEXT(設定!B43,"0%")&"）を目安とし、1SKUあたりの上限（全店"&設定!E21&"足、Central LPは"&設定!E24&"足）で頭打ちにする。モデル×カラー別の店舗投入率は"&TEXT(設定!B42,"0%")&"以内を目標とする"&IF(COUNTIF(サマリー!L4:L8,"上限超過")>0,"が、現在は"&COUNTIF(サマリー!L4:L8,"上限超過")&"行が超過（最低配分・手動調整の積み上げによる。サマリーL列参照）","（現在は全行クリア）")&"。結果として店頭投入は"&配分表!O60&"足（"&TEXT(配分表!O60/配分表!F60,"0.0%")&"）、Office保留は"&配分表!P60&"足（"&TEXT(配分表!P60/配分表!F60,"0.0%")&"）。" -> 2. 店舗への初回投入は、モデル別の初回投入率（Spidrwalk 26%／Trailope WP 28%／Groundsplay LS 33%。上限33%）を目安とし、1SKUあたりの上限（全店2足、Central LPは1足）で頭打ちにする。モデル×カラー別の店舗投入率は31%以内を目標とする（現在は全行クリア）。結果として店頭投入は269足（25.2%）、Office保留は799足（74.8%）。
A6: =" ・9/25時点の在庫（新入荷除く）はOffice 62％：店舗38％で、既存モデルも店頭比率は3割前後（Spidrwalk 30％、Trailope 29％、KSO EVO 39％）。店舗投入率"&TEXT(設定!B42,"0%")&"の上限はこの相場の上限側に合わせた水準。" -> ・9/25時点の在庫（新入荷除く）はOffice 62％：店舗38％で、既存モデルも店頭比率は3割前後（Spidrwalk 30％、Trailope 29％、KSO EVO 39％）。店舗投入率31%の上限はこの相場の上限側に合わせた水準。
A7: ・Office在庫は約5.7ヶ月分（オンライン・対EDV卸・イベント・委託の月平均販売ベース）で、社内の安全在庫6ヶ月の方針とほぼ同水準。輸出分を考えると余裕はなく、店頭に出しすぎない方が安全。
A8: ・投入から4週間後に初速を見て、Office保留分を売れている店・サイズに追加配分する前提。
A10: 3. 店舗シェア：新商品自体の実績はないため、性格の近い既存モデルの店舗別販売実績（2026年1〜8月、店頭販売のみ）から比率を算出。
A11: ・Spidrwalk新色 ← 既存Spidrwalk
A12: ・Trailope WP ← Trailope ＋ Scramkey（アウトドア系）
A13: ・Groundsplay LS ← Groundsplay ＋ Graspifier ＋ Kso Evo（ジム・トレーニング系）。メンズ／ウィメンズで別々に比率を算出
A14: ・Paradise Parkは4月開店のため、全店舗を「月平均販売足数」に揃えてから比率化
A15: ・結果：K Villageが4〜5割、Central CLとSiam Discoveryが各1.5〜2割、Paradise Parkはアウトドア系のみ2割強、Central LPは3〜4％
A16: =" ・配分結果の店舗別構成比：K Village "&TEXT(配分表!J60/配分表!O60,"0%")&"／Central CL "&TEXT(配分表!K60/配分表!O60,"0%")&"／Siam Discovery "&TEXT(配分表!L60/配分表!O60,"0%")&"／Paradise Park "&TEXT(配分表!M60/配分表!O60,"0%")&"／Central LP "&TEXT(配分表!N60/配分表!O60,"0%")&"（1SKU上限と最低配分の影響で、実績シェアよりK Villageが低く、他店が高くなる）" -> ・配分結果の店舗別構成比：K Village 34%／Central CL 24%／Siam Discovery 19%／Paradise Park 20%／Central LP 3%（1SKU上限と最低配分の影響で、実績シェアよりK Villageが低く、他店が高くなる）
A17: 4. 在庫調整係数：既存在庫が販売に対して過剰な店は係数で配分を絞る。
A18: ・9/25時点の在庫月数：K Village 約3ヶ月（推定）／Central CL 4.5ヶ月／Siam Discovery 5.4ヶ月／Paradise Park 11ヶ月／Central LP 30ヶ月
A19: =" ・Paradise Parkは在庫月数は長いが販売はCentral CL・Siam Discoveryと同水準のため係数1.0のまま、1SKU上限"&設定!E23&"足で抑える。Central LPは最低配分0・1SKU上限"&設定!E24&"足とし、入荷の多い主要SKUに1足ずつ（合計"&配分表!N60&"足）。配分されないモデル・サイズがあってよい" -> ・Paradise Parkは在庫月数は長いが販売はCentral CL・Siam Discoveryと同水準のため係数1.0のまま、1SKU上限2足で抑える。Central LPは最低配分0・1SKU上限1足とし、入荷の多い主要SKUに1足ずつ（合計7足）。配分されないモデル・サイズがあってよい
A20: ・Paradise ParkとCentral LPについては、新商品の配分と並行して既存在庫の店間移動（→K Village・Central CL・Siam Discovery）を別途提案する
A22: 5. サイズ配分：入荷したサイズ構成（発注時のサイズカーブ）をそのまま使い、SKUごとに「入荷数×投入率」を「店舗シェア×調整係数」で正規化した比率で各店に割り、最低配分と1SKU上限で挟む。さらに例外分は配分表の手動調整列（S〜W列、±足）で個別に加減している（現在：Spidrwalk M40 Paradise Park +1、Trailope WP M42・M43 Central LP +1、Groundsplay LS Total Black M44 Central CL／Siam −1）。初回は1SKUあたり少数で幅広く並べ、売れたサイズをOffice保留分から補充する「薄く広く→追加」の運用。
A24: ="6. 最低配分と上限：主要サイズ（M41〜44／W38〜40）はK Village "&設定!B20&"足・他店"&設定!B21&"足を最低置き、店頭でサイズ展開が見えるようにする。端サイズはK Village〜Siam Discoveryに各"&設定!C21&"足、Paradise Parkは原則"&設定!C23&"足（在庫過剰のため）。1SKU上限は全店"&設定!E21&"足（K Villageも"&設定!E20&"足）、Central LPは"&設定!E24&"足。Central LPは最低配分なし。" -> 6. 最低配分と上限：主要サイズ（M41〜44／W38〜40）はK Village 2足・他店1足を最低置き、店頭でサイズ展開が見えるようにする。端サイズはK Village〜Siam Discoveryに各1足、Paradise Parkは原則0足（在庫過剰のため）。1SKU上限は全店2足（K Villageも2足）、Central LPは1足。Central LPは最低配分なし。
A26: 7. 追加配分ルール（提案）：
A27: ・投入から4週間後に全SKUの店舗在庫を確認し、Office保留分を売れている店・サイズに追加
A28: ・店舗で特定サイズが在庫1足以下になったらOfficeから補充。動かないサイズは店間移動
A29: ・Groundsplay LSは3色あるため、初速で色ごとの反応差を見てから2回目配分で色の比率を調整
A31: 注意点：
A32: ・実績データにM/W表記がないため、サイズ39以下をウィメンズ、40以上をメンズとして推定している。
A33: ・K Villageの全モデル販売は対EDV卸に含まれるため直接は取れず、在庫月数は参考6モデルの比較からの推定。
A34: ・Central LPの実績は8ヶ月で12足と小さく、比率が不安定。最低配分は設けず、係数と手動調整で「主要SKUに1足」の水準に調整している。
A35: ・5店舗合計の参考6モデル販売は月平均約60足。新商品1,068足はオンライン・卸・輸出を含めて消化する計画として見る必要がある。
A36: {="・配分表の店舗別数量は数式で自動計算しており、数式で出ない例外分は配分表S〜W列の「手動調整（±足）」で加減している（現在"&SUMPRODUCT(--(配分表!S5:W59<>0))&"セル、純増減"&TEXT(SUM(配分表!S5:W59),"0;-0;0")&"足）。投入率・係数・上限を変えても調整分は固定のまま加減されるので、変更後は調整の要否を見直すこと。"} -> ・配分表の店舗別数量は数式で自動計算しており、数式で出ない例外分は配分表S〜W列の「手動調整（±足）」で加減している（現在5セル、純増減1足）。投入率・係数・上限を変えても調整分は固定のまま加減されるので、変更後は調整の要否を見直すこと。
