Workbook

Sheet 使い方
A1: イベント配車・配送/設営/撤収 スケジュール管理表
A2: ポップアップイベント等の準備向け。配車の事前確定と作業時間の見える化で、直前キャンセル・深夜待機・不要な残業を減らす。
B4: ■ このシートの目的
B5: 1 | C5: 配車を「配車日の N 日前」までに確定させ、業者の無料キャンセル期限を過ぎてからのキャンセルをなくす。
B6: 2 | C6: 配送・設営・撤収の作業を時刻付きで計画し、深夜帯（既定 22:00〜5:00）にかかる作業を事前に発見して前倒し・分割する。
B7: 3 | C7: スタッフの実働・残業・深夜・待機時間を記録し、不要な残業代・深夜手当の発生を防ぐ。
B9: ■ シート構成
B10: 設定 | C10: イベント情報と判定ルール（確定期限、深夜帯、所定労働時間、割増率）。黄色セルを最初に埋める。
B11: マスタ | C11: プルダウン用リスト、業者（キャンセル規定）、スタッフ（役割・時給）。
B12: 配車管理 | C12: 車両1台1行。確定期限・無料キャンセル期限・警告が自動表示される。
B13: スケジュール | C13: 配送・設営・撤収の作業を1行ずつ。所要時間と深夜帯の有無を自動判定。
B14: スタッフ稼働 | C14: スタッフ×日の勤務時間。実働・残業・深夜・待機を計算し警告を表示。
B15: チェックリスト | C15: イベント初日からの逆算（D-14〜撤収後）でやることと期限日。
B16: ダッシュボード | C16: 未確定の配車、警告件数、残業・深夜時間、コスト概算を一覧。
B18: ■ セルの色
B19: 黄色（薄） | C19: 入力セル。この色のセルだけ編集する。
B20: 黄色（濃） | C20: 設定シートの重要パラメータ。運用ルールに合わせて変更する。
B21: 灰色 | C21: 自動計算セル。編集しない（数式が入っている）。
B22: 赤 / オレンジ | C22: 警告の条件付き書式。赤＝期限超過・深夜帯、オレンジ＝期限間近・残業あり。
B24: ■ 運用の流れ
B25: D-14 | C25: 設定シートに日程を入力 → 会場の搬入出可能時間を確認（夜間作業制限があればスケジュールを昼帯に寄せる）。
B26: D-10 | C26: 配車管理に必要車両をすべて入力（撤収・回収便を忘れない）。業者へ仮押さえ依頼 → ステータス「仮押さえ」。
B27: D-7 | C27: スケジュールとスタッフ稼働に計画を入力。「深夜帯あり」「残業」の警告が出た行は前倒し・人員追加・分割で解消。
B28: D-5 | C28: 配車管理の警告列が空になるまで業者へ確定連絡 → ステータス「確定」＋確定日を入力。
B29: D-3〜D-1 | C29: チェックリストに沿って最終確認。ダッシュボードの「未確定」「警告」が 0 であることを確認。
B30: 撤収後 | C30: スタッフ稼働に実績時間を入力し、残業・深夜が発生した原因を備考に残す（次回の計画に反映）。
B32: ■ 注意
C33: 各シートの 5 行目はサンプル行です。実際の運用時は上書きしてください。
C34: 日付は yyyy/mm/dd、時刻は 24 時間表記（例 22:30）で入力。深夜 0 時をまたぐ終了時刻もそのまま入力可（例 開始 20:00 終了 1:00）。
C35: 割増率・所定労働時間は国・就業規則により異なります（日本：残業 25%・深夜 25%、タイ：残業 150% など）。設定シートで変更してください。

Sheet ダッシュボード
A1: ダッシュボード
A2: すべて自動計算。「未確定配車」「警告件数」「深夜帯作業」が 0 になるまで計画を見直す。
A4: イベント概要 | D4: スケジュール
A5: イベント名 | B5: =設定!B4 -> 秋のポップアップストア（サンプル） | D5: 作業件数 | E5: =COUNT(スケジュール!$B$5:$B$44) -> 7
A6: 会場 | B6: =設定!B5 -> ○○モール 1F イベントスペース | D6: 深夜帯にかかる作業（要対応） | E6: =COUNTIF(スケジュール!$N$5:$N$44,"深夜帯あり") -> 1
A7: 搬入日 | B7: =設定!B6 -> 46339 | D7: 完了 | E7: =COUNTIF(スケジュール!$O$5:$O$44,"完了") -> 0
A8: イベント期間 | B8: =TEXT(設定!B7,"yyyy/mm/dd")&" 〜 "&TEXT(設定!B8,"yyyy/mm/dd") -> 2026/11/14 〜 2026/11/15 | D8: 遅延 | E8: =COUNTIF(スケジュール!$O$5:$O$44,"遅延") -> 0
A9: 撤収日 | B9: =設定!B9 -> 46341 | D9: 配送 合計時間 | E9: =SUMIF(スケジュール!$D$5:$D$44,"配送",スケジュール!$I$5:$I$44) -> 0.083333333
A10: イベント初日まで（日） | B10: =IF(設定!B7="","",設定!B7-TODAY()) -> 24 | D10: 設営 合計時間 | E10: =SUMIF(スケジュール!$D$5:$D$44,"設営",スケジュール!$I$5:$I$44) -> 0.27083333
D11: 撤収 合計時間 | E11: =SUMIF(スケジュール!$D$5:$D$44,"撤収",スケジュール!$I$5:$I$44) -> 0.1875
A12: 配車
A13: 登録車両数（配車日入力済） | B13: =COUNT(配車管理!$C$5:$C$34) -> 4 | D13: スタッフ稼働
A14: 確定 | B14: =COUNTIFS(配車管理!$C$5:$C$34,"<>",配車管理!$L$5:$L$34,"確定") -> 1 | D14: 勤務行数 | E14: =COUNTA(スタッフ稼働!$D$5:$D$44) -> 6
A15: 仮押さえ | B15: =COUNTIFS(配車管理!$C$5:$C$34,"<>",配車管理!$L$5:$L$34,"仮押さえ") -> 2 | D15: 総実働時間 | E15: =SUM(スタッフ稼働!$J$5:$J$44) -> 1.75
A16: 未手配 / ステータス未入力 | B16: =COUNTIFS(配車管理!$C$5:$C$34,"<>",配車管理!$L$5:$L$34,"未手配")+COUNTIFS(配車管理!$C$5:$C$34,"<>",配車管理!$L$5:$L$34,"") -> 1 | D16: 総残業時間 | E16: =SUM(スタッフ稼働!$K$5:$K$44) -> 0.020833333
A17: 変更あり | B17: =COUNTIFS(配車管理!$C$5:$C$34,"<>",配車管理!$L$5:$L$34,"変更あり") -> 0 | D17: 総深夜時間 | E17: =SUM(スタッフ稼働!$L$5:$L$44) -> 0.0625
A18: キャンセル | B18: =COUNTIFS(配車管理!$C$5:$C$34,"<>",配車管理!$L$5:$L$34,"キャンセル") -> 0 | D18: 総待機時間 | E18: =SUM(スタッフ稼働!$M$5:$M$44) -> 0.0625
A19: 未確定の配車（要対応） | B19: =B13-B14-B18 -> 3 | D19: 残業・深夜代 概算（円） | E19: =SUM(スタッフ稼働!$O$5:$O$44) -> 1425
A20: 警告：期限超過 | B20: =COUNTIF(配車管理!$Q$5:$Q$34,"*超過*") -> 0 | D20: 警告のある勤務（残業/深夜/待機） | E20: =COUNTIF(スタッフ稼働!$P$5:$P$44,"?*") -> 3
A21: 警告：期限間近 | B21: =COUNTIF(配車管理!$Q$5:$Q$34,"*要確定*") -> 0 | D21: 深夜勤務あり | E21: =COUNTIF(スタッフ稼働!$P$5:$P$44,"*深夜*") -> 3
A22: 次の確定期限（未確定分） | B22: =IFERROR(IF(_xlfn.MINIFS(配車管理!$M$5:$M$34,配車管理!$L$5:$L$34,"<>確定",配車管理!$L$5:$L$34,"<>キャンセル",配車管理!$C$5:$C$34,"<>")=0,"-",_xlfn.MINIFS(配車管理!$M$5:$M$34,配車管理!$L$5:$L$34,"<>確定",配車管理!$L$5:$L$34,"<>キャンセル",配車管理!$C$5:$C$34,"<>")),"-") -> 46334 | D22: 待機超過 | E22: =COUNTIF(スタッフ稼働!$P$5:$P$44,"*待機超過*") -> 1
A24: チェックリスト | D24: 判定ルール（設定シート）
A25: 項目数 | B25: =15 -> 15 | D25: 配車確定期限 | E25: =設定!B11&" 日前" -> 5 日前
A26: 完了 | B26: =COUNTIF(チェックリスト!$G$5:$G$19,"✓") -> 0 | D26: 深夜帯 | E26: =TEXT(設定!B13,"h:mm")&" 〜 "&TEXT(設定!B14,"h:mm") -> 22:00 〜 5:00
A27: 期限超過（未完了） | B27: =COUNTIF(チェックリスト!$F$5:$F$19,"<0") -> 0 | D27: 所定労働時間 | E27: =設定!B15 -> 0.33333333
A28: 3日以内に期限（未完了） | B28: =COUNTIFS(チェックリスト!$F$5:$F$19,">=0",チェックリスト!$F$5:$F$19,"<=3") -> 0 | D28: 割増率（残業 / 深夜） | E28: =TEXT(設定!B17,"0%")&" / "&TEXT(設定!B18,"0%") -> 25% / 25%
A30: ※ 残業・深夜代は「スタッフマスタの時給 × 設定シートの割増率」による概算です。実際の給与計算とは異なる場合があります。

Sheet 設定
A1: 設定（イベント情報・判定ルール）
A2: 黄色セルを入力。濃い黄色は運用ルールのパラメータで、各シートの判定に使われる。
A3: 項目 | B3: 値 | C3: 説明
A4: イベント名 | B4: 秋のポップアップストア（サンプル） | C4: ダッシュボードに表示
A5: 会場 | B5: ○○モール 1F イベントスペース
A6: 搬入日 | B6: 46339 | C6: 配送・設営を行う日
A7: イベント初日 | B7: 46340 | C7: チェックリストの逆算基準日（D-day）
A8: イベント最終日 | B8: 46341
A9: 撤収日 | B9: 46341 | C9: 撤収作業を行う日
A10: 判定ルール
A11: 配車確定期限（配車日の何日前） | B11: 5 | C11: 配車管理の「確定期限」＝配車日 − この日数。業者の無料キャンセル期限より前に設定する。
A12: 警告開始（期限の何日前から） | B12: 3 | C12: 確定期限までの残日数がこの値以下で「要確定」警告。
A13: 深夜帯 開始時刻 | B13: 0.91666667 | C13: この時刻以降の作業・勤務を深夜帯として判定。
A14: 深夜帯 終了時刻 | B14: 0.20833333 | C14: 翌日のこの時刻までを深夜帯として判定。
A15: 所定労働時間 | B15: 0.33333333 | C15: 実働がこれを超えた分を残業時間として計算。
A16: 標準休憩時間 | B16: 0.041666667 | C16: スタッフ稼働で休憩が未入力の場合の参考値（計算には各行の休憩列を使用）。
A17: 残業割増率 | B17: 0.25 | C17: 残業代概算＝残業時間×時給×(1+割増率)。法令・就業規則に合わせて変更（例：日本 25%、タイ 50%）。
A18: 深夜割増率 | B18: 0.25 | C18: 深夜手当概算＝深夜時間×時給×割増率。
A19: 待機許容時間 | B19: 0.041666667 | C19: スタッフの待機時間がこれを超えると警告。

Sheet マスタ
A1: マスタ（プルダウン・業者・スタッフ）
A2: 配車ステータス | C2: 工程 | E2: 車種 | G2: 作業ステータス
A3: 未手配 | C3: 配送 | E3: 軽バン | G3: 未着手
A4: 仮押さえ | C4: 設営 | E4: ハイエース | G4: 進行中
A5: 確定 | C5: 撤収 | E5: 2tトラック | G5: 完了
A6: 変更あり | C6: 回収 | E6: 4tトラック | G6: 遅延
A7: キャンセル | C7: 待機 | E7: ユニック車
A9: 業者マスタ（キャンセル規定）
A10: 業者名 | B10: 連絡先 | C10: 無料キャンセル期限（配車日の何日前） | D10: 前日キャンセル料率 | E10: 当日キャンセル料率
A11: 業者A 運送 | B11: 03-0000-0000 / 担当 山田 | C11: 3 | D11: 0.5 | E11: 1
A12: 業者B 物流 | B12: 03-1111-1111 / 担当 高橋 | C12: 2 | D12: 0.3 | E12: 1
A23: スタッフマスタ
A24: スタッフ名 | B24: 役割 | C24: 時給（円） | D24: 連絡先
A25: 田中 | B25: リーダー | C25: 1500 | D25: 090-0000-0000
A26: 佐藤 | B26: スタッフ | C26: 1200 | D26: 090-1111-1111
A27: 鈴木 | B27: スタッフ | C27: 1200 | D27: 090-2222-2222

Sheet 配車管理
A1: 配車管理（事前確定）
A2: 車両1台につき1行。確定期限・無料キャンセル期限・警告は自動計算。「確定」になったら確定日を必ず入力。
A4: No | B4: 工程 | C4: 配車日 | D4: 曜日 | E4: 車種 | F4: 台数 | G4: 業者名 | H4: 集荷場所 | I4: 集荷時刻 | J4: 納品先 | K4: 到着予定 | L4: ステータス | M4: 確定期限 | N4: 期限まで残日数 | O4: 無料キャンセル期限 | P4: 確定日 | Q4: 警告 | R4: 担当者 | S4: 備考
A5: 1 | B5: 配送 | C5: 46339 | D5: =IF(C5="","",CHOOSE(WEEKDAY(C5),"日","月","火","水","木","金","土")) -> 金 | E5: 2tトラック | F5: 1 | G5: 業者A 運送 | H5: 本社倉庫 | I5: 0.375 | J5: ○○モール 搬入口 | K5: 0.45833333 | L5: 確定 | M5: =IF(C5="","",C5-設定!$B$11) -> 46334 | N5: =IF(C5="","",M5-TODAY()) -> 18 | O5: =IF(OR(C5="",G5=""),"",IFERROR(C5-INDEX(マスタ!$C$11:$C$20,MATCH(G5,マスタ!$A$11:$A$20,0)),"業者未登録")) -> 46336 | P5: 46331 | Q5: =IF(C5="","",IF(L5="キャンセル","",IF(L5="確定",IF(P5="","確定日を入力",""),IF(N5<0,"⚠期限超過：至急確定",IF(N5<=設定!$B$12,"要確定（期限間近）",""))))) | R5: 田中 | S5: 什器・備品一式
A6: 2 | B6: 配送 | C6: 46339 | D6: =IF(C6="","",CHOOSE(WEEKDAY(C6),"日","月","火","水","木","金","土")) -> 金 | E6: ハイエース | F6: 1 | G6: 業者B 物流 | H6: 本店 | I6: 0.41666667 | J6: ○○モール 搬入口 | K6: 0.47916667 | L6: 仮押さえ | M6: =IF(C6="","",C6-設定!$B$11) -> 46334 | N6: =IF(C6="","",M6-TODAY()) -> 18 | O6: =IF(OR(C6="",G6=""),"",IFERROR(C6-INDEX(マスタ!$C$11:$C$20,MATCH(G6,マスタ!$A$11:$A$20,0)),"業者未登録")) -> 46337 | Q6: =IF(C6="","",IF(L6="キャンセル","",IF(L6="確定",IF(P6="","確定日を入力",""),IF(N6<0,"⚠期限超過：至急確定",IF(N6<=設定!$B$12,"要確定（期限間近）",""))))) | R6: 田中 | S6: 商品（段ボール20箱）
A7: 3 | B7: 撤収 | C7: 46341 | D7: =IF(C7="","",CHOOSE(WEEKDAY(C7),"日","月","火","水","木","金","土")) -> 日 | E7: 2tトラック | F7: 1 | G7: 業者A 運送 | H7: ○○モール 搬入口 | I7: 0.83333333 | J7: 本社倉庫 | K7: 0.91666667 | L7: 未手配 | M7: =IF(C7="","",C7-設定!$B$11) -> 46336 | N7: =IF(C7="","",M7-TODAY()) -> 20 | O7: =IF(OR(C7="",G7=""),"",IFERROR(C7-INDEX(マスタ!$C$11:$C$20,MATCH(G7,マスタ!$A$11:$A$20,0)),"業者未登録")) -> 46338 | Q7: =IF(C7="","",IF(L7="キャンセル","",IF(L7="確定",IF(P7="","確定日を入力",""),IF(N7<0,"⚠期限超過：至急確定",IF(N7<=設定!$B$12,"要確定（期限間近）",""))))) | R7: 田中 | S7: 撤収便。閉店後の積込
A8: 4 | B8: 回収 | C8: 46342 | D8: =IF(C8="","",CHOOSE(WEEKDAY(C8),"日","月","火","水","木","金","土")) -> 月 | E8: 軽バン | F8: 1 | G8: 業者B 物流 | H8: ○○モール 搬入口 | I8: 0.375 | J8: 本店 | K8: 0.41666667 | L8: 仮押さえ | M8: =IF(C8="","",C8-設定!$B$11) -> 46337 | N8: =IF(C8="","",M8-TODAY()) -> 21 | O8: =IF(OR(C8="",G8=""),"",IFERROR(C8-INDEX(マスタ!$C$11:$C$20,MATCH(G8,マスタ!$A$11:$A$20,0)),"業者未登録")) -> 46340 | Q8: =IF(C8="","",IF(L8="キャンセル","",IF(L8="確定",IF(P8="","確定日を入力",""),IF(N8<0,"⚠期限超過：至急確定",IF(N8<=設定!$B$12,"要確定（期限間近）",""))))) | R8: 佐藤 | S8: 残商品の回収
A9: 5 | D9: =IF(C9="","",CHOOSE(WEEKDAY(C9),"日","月","火","水","木","金","土")) | M9: =IF(C9="","",C9-設定!$B$11) | N9: =IF(C9="","",M9-TODAY()) | O9: =IF(OR(C9="",G9=""),"",IFERROR(C9-INDEX(マスタ!$C$11:$C$20,MATCH(G9,マスタ!$A$11:$A$20,0)),"業者未登録")) | Q9: =IF(C9="","",IF(L9="キャンセル","",IF(L9="確定",IF(P9="","確定日を入力",""),IF(N9<0,"⚠期限超過：至急確定",IF(N9<=設定!$B$12,"要確定（期限間近）","")))))
A10: 6 | D10: =IF(C10="","",CHOOSE(WEEKDAY(C10),"日","月","火","水","木","金","土")) | M10: =IF(C10="","",C10-設定!$B$11) | N10: =IF(C10="","",M10-TODAY()) | O10: =IF(OR(C10="",G10=""),"",IFERROR(C10-INDEX(マスタ!$C$11:$C$20,MATCH(G10,マスタ!$A$11:$A$20,0)),"業者未登録")) | Q10: =IF(C10="","",IF(L10="キャンセル","",IF(L10="確定",IF(P10="","確定日を入力",""),IF(N10<0,"⚠期限超過：至急確定",IF(N10<=設定!$B$12,"要確定（期限間近）","")))))
A11: 7 | D11: =IF(C11="","",CHOOSE(WEEKDAY(C11),"日","月","火","水","木","金","土")) | M11: =IF(C11="","",C11-設定!$B$11) | N11: =IF(C11="","",M11-TODAY()) | O11: =IF(OR(C11="",G11=""),"",IFERROR(C11-INDEX(マスタ!$C$11:$C$20,MATCH(G11,マスタ!$A$11:$A$20,0)),"業者未登録")) | Q11: =IF(C11="","",IF(L11="キャンセル","",IF(L11="確定",IF(P11="","確定日を入力",""),IF(N11<0,"⚠期限超過：至急確定",IF(N11<=設定!$B$12,"要確定（期限間近）","")))))
A12: 8 | D12: =IF(C12="","",CHOOSE(WEEKDAY(C12),"日","月","火","水","木","金","土")) | M12: =IF(C12="","",C12-設定!$B$11) | N12: =IF(C12="","",M12-TODAY()) | O12: =IF(OR(C12="",G12=""),"",IFERROR(C12-INDEX(マスタ!$C$11:$C$20,MATCH(G12,マスタ!$A$11:$A$20,0)),"業者未登録")) | Q12: =IF(C12="","",IF(L12="キャンセル","",IF(L12="確定",IF(P12="","確定日を入力",""),IF(N12<0,"⚠期限超過：至急確定",IF(N12<=設定!$B$12,"要確定（期限間近）","")))))
A13: 9 | D13: =IF(C13="","",CHOOSE(WEEKDAY(C13),"日","月","火","水","木","金","土")) | M13: =IF(C13="","",C13-設定!$B$11) | N13: =IF(C13="","",M13-TODAY()) | O13: =IF(OR(C13="",G13=""),"",IFERROR(C13-INDEX(マスタ!$C$11:$C$20,MATCH(G13,マスタ!$A$11:$A$20,0)),"業者未登録")) | Q13: =IF(C13="","",IF(L13="キャンセル","",IF(L13="確定",IF(P13="","確定日を入力",""),IF(N13<0,"⚠期限超過：至急確定",IF(N13<=設定!$B$12,"要確定（期限間近）","")))))
A14: 10 | D14: =IF(C14="","",CHOOSE(WEEKDAY(C14),"日","月","火","水","木","金","土")) | M14: =IF(C14="","",C14-設定!$B$11) | N14: =IF(C14="","",M14-TODAY()) | O14: =IF(OR(C14="",G14=""),"",IFERROR(C14-INDEX(マスタ!$C$11:$C$20,MATCH(G14,マスタ!$A$11:$A$20,0)),"業者未登録")) | Q14: =IF(C14="","",IF(L14="キャンセル","",IF(L14="確定",IF(P14="","確定日を入力",""),IF(N14<0,"⚠期限超過：至急確定",IF(N14<=設定!$B$12,"要確定（期限間近）","")))))
A15: 11 | D15: =IF(C15="","",CHOOSE(WEEKDAY(C15),"日","月","火","水","木","金","土")) | M15: =IF(C15="","",C15-設定!$B$11) | N15: =IF(C15="","",M15-TODAY()) | O15: =IF(OR(C15="",G15=""),"",IFERROR(C15-INDEX(マスタ!$C$11:$C$20,MATCH(G15,マスタ!$A$11:$A$20,0)),"業者未登録")) | Q15: =IF(C15="","",IF(L15="キャンセル","",IF(L15="確定",IF(P15="","確定日を入力",""),IF(N15<0,"⚠期限超過：至急確定",IF(N15<=設定!$B$12,"要確定（期限間近）","")))))
A16: 12 | D16: =IF(C16="","",CHOOSE(WEEKDAY(C16),"日","月","火","水","木","金","土")) | M16: =IF(C16="","",C16-設定!$B$11) | N16: =IF(C16="","",M16-TODAY()) | O16: =IF(OR(C16="",G16=""),"",IFERROR(C16-INDEX(マスタ!$C$11:$C$20,MATCH(G16,マスタ!$A$11:$A$20,0)),"業者未登録")) | Q16: =IF(C16="","",IF(L16="キャンセル","",IF(L16="確定",IF(P16="","確定日を入力",""),IF(N16<0,"⚠期限超過：至急確定",IF(N16<=設定!$B$12,"要確定（期限間近）","")))))
A17: 13 | D17: =IF(C17="","",CHOOSE(WEEKDAY(C17),"日","月","火","水","木","金","土")) | M17: =IF(C17="","",C17-設定!$B$11) | N17: =IF(C17="","",M17-TODAY()) | O17: =IF(OR(C17="",G17=""),"",IFERROR(C17-INDEX(マスタ!$C$11:$C$20,MATCH(G17,マスタ!$A$11:$A$20,0)),"業者未登録")) | Q17: =IF(C17="","",IF(L17="キャンセル","",IF(L17="確定",IF(P17="","確定日を入力",""),IF(N17<0,"⚠期限超過：至急確定",IF(N17<=設定!$B$12,"要確定（期限間近）","")))))
A18: 14 | D18: =IF(C18="","",CHOOSE(WEEKDAY(C18),"日","月","火","水","木","金","土")) | M18: =IF(C18="","",C18-設定!$B$11) | N18: =IF(C18="","",M18-TODAY()) | O18: =IF(OR(C18="",G18=""),"",IFERROR(C18-INDEX(マスタ!$C$11:$C$20,MATCH(G18,マスタ!$A$11:$A$20,0)),"業者未登録")) | Q18: =IF(C18="","",IF(L18="キャンセル","",IF(L18="確定",IF(P18="","確定日を入力",""),IF(N18<0,"⚠期限超過：至急確定",IF(N18<=設定!$B$12,"要確定（期限間近）","")))))
A19: 15 | D19: =IF(C19="","",CHOOSE(WEEKDAY(C19),"日","月","火","水","木","金","土")) | M19: =IF(C19="","",C19-設定!$B$11) | N19: =IF(C19="","",M19-TODAY()) | O19: =IF(OR(C19="",G19=""),"",IFERROR(C19-INDEX(マスタ!$C$11:$C$20,MATCH(G19,マスタ!$A$11:$A$20,0)),"業者未登録")) | Q19: =IF(C19="","",IF(L19="キャンセル","",IF(L19="確定",IF(P19="","確定日を入力",""),IF(N19<0,"⚠期限超過：至急確定",IF(N19<=設定!$B$12,"要確定（期限間近）","")))))
A20: 16 | D20: =IF(C20="","",CHOOSE(WEEKDAY(C20),"日","月","火","水","木","金","土")) | M20: =IF(C20="","",C20-設定!$B$11) | N20: =IF(C20="","",M20-TODAY()) | O20: =IF(OR(C20="",G20=""),"",IFERROR(C20-INDEX(マスタ!$C$11:$C$20,MATCH(G20,マスタ!$A$11:$A$20,0)),"業者未登録")) | Q20: =IF(C20="","",IF(L20="キャンセル","",IF(L20="確定",IF(P20="","確定日を入力",""),IF(N20<0,"⚠期限超過：至急確定",IF(N20<=設定!$B$12,"要確定（期限間近）","")))))
... A34: 30 | D34: =IF(C34="","",CHOOSE(WEEKDAY(C34),"日","月","火","水","木","金","土")) | M34: =IF(C34="","",C34-設定!$B$11) | N34: =IF(C34="","",M34-TODAY()) | O34: =IF(OR(C34="",G34=""),"",IFERROR(C34-INDEX(マスタ!$C$11:$C$20,MATCH(G34,マスタ!$A$11:$A$20,0)),"業者未登録")) | Q34: =IF(C34="","",IF(L34="キャンセル","",IF(L34="確定",IF(P34="","確定日を入力",""),IF(N34<0,"⚠期限超過：至急確定",IF(N34<=設定!$B$12,"要確定（期限間近）","")))))

Sheet スケジュール
A1: 配送・設営・撤収 スケジュール
A2: 作業1件につき1行。所要時間・使用車両のステータス・深夜帯の有無は自動判定。「深夜帯あり」の行は前倒し・分割・人員追加で解消する。
A4: No | B4: 日付 | C4: 曜日 | D4: 工程 | E4: 作業内容 | F4: 場所 | G4: 開始 | H4: 終了 | I4: 所要時間 | J4: 担当スタッフ | K4: 人数 | L4: 使用車両No | M4: 車両ステータス | N4: 深夜帯 | O4: 作業ステータス | P4: 備考
A5: 1 | B5: 46339 | C5: =IF(B5="","",CHOOSE(WEEKDAY(B5),"日","月","火","水","木","金","土")) -> 金 | D5: 配送 | E5: 什器・備品 荷受け・検品 | F5: ○○モール 搬入口 | G5: 0.45833333 | H5: 0.5 | I5: =IF(OR(G5="",H5=""),"",MOD(H5-G5,1)) -> 0.041666667 | J5: 田中, 佐藤 | K5: 2 | L5: 1 | M5: =IF(L5="","",IFERROR(INDEX(配車管理!$L$5:$L$34,MATCH(L5,配車管理!$A$5:$A$34,0)),"該当なし")) -> 確定 | N5: =IF(OR(G5="",H5=""),"",IF(MAX(0,MIN(H5+IF(H5<G5,1,0),1+設定!$B$14)-MAX(G5,設定!$B$13))+MAX(0,MIN(H5+IF(H5<G5,1,0),設定!$B$14)-G5)>0,"深夜帯あり","")) | O5: 未着手
A6: 2 | B6: 46339 | C6: =IF(B6="","",CHOOSE(WEEKDAY(B6),"日","月","火","水","木","金","土")) -> 金 | D6: 配送 | E6: 商品 荷受け・検品 | F6: ○○モール 搬入口 | G6: 0.47916667 | H6: 0.52083333 | I6: =IF(OR(G6="",H6=""),"",MOD(H6-G6,1)) -> 0.041666667 | J6: 鈴木 | K6: 1 | L6: 2 | M6: =IF(L6="","",IFERROR(INDEX(配車管理!$L$5:$L$34,MATCH(L6,配車管理!$A$5:$A$34,0)),"該当なし")) -> 仮押さえ | N6: =IF(OR(G6="",H6=""),"",IF(MAX(0,MIN(H6+IF(H6<G6,1,0),1+設定!$B$14)-MAX(G6,設定!$B$13))+MAX(0,MIN(H6+IF(H6<G6,1,0),設定!$B$14)-G6)>0,"深夜帯あり","")) | O6: 未着手
A7: 3 | B7: 46339 | C7: =IF(B7="","",CHOOSE(WEEKDAY(B7),"日","月","火","水","木","金","土")) -> 金 | D7: 設営 | E7: 什器組立・レイアウト | F7: イベントスペース | G7: 0.54166667 | H7: 0.70833333 | I7: =IF(OR(G7="",H7=""),"",MOD(H7-G7,1)) -> 0.16666667 | J7: 田中, 佐藤, 鈴木 | K7: 3 | M7: =IF(L7="","",IFERROR(INDEX(配車管理!$L$5:$L$34,MATCH(L7,配車管理!$A$5:$A$34,0)),"該当なし")) | N7: =IF(OR(G7="",H7=""),"",IF(MAX(0,MIN(H7+IF(H7<G7,1,0),1+設定!$B$14)-MAX(G7,設定!$B$13))+MAX(0,MIN(H7+IF(H7<G7,1,0),設定!$B$14)-G7)>0,"深夜帯あり","")) | O7: 未着手 | P7: 会場の設営可能時間 10:00〜21:00
A8: 4 | B8: 46339 | C8: =IF(B8="","",CHOOSE(WEEKDAY(B8),"日","月","火","水","木","金","土")) -> 金 | D8: 設営 | E8: 商品陳列・POP設置 | F8: イベントスペース | G8: 0.70833333 | H8: 0.8125 | I8: =IF(OR(G8="",H8=""),"",MOD(H8-G8,1)) -> 0.10416667 | J8: 田中, 佐藤, 鈴木 | K8: 3 | M8: =IF(L8="","",IFERROR(INDEX(配車管理!$L$5:$L$34,MATCH(L8,配車管理!$A$5:$A$34,0)),"該当なし")) | N8: =IF(OR(G8="",H8=""),"",IF(MAX(0,MIN(H8+IF(H8<G8,1,0),1+設定!$B$14)-MAX(G8,設定!$B$13))+MAX(0,MIN(H8+IF(H8<G8,1,0),設定!$B$14)-G8)>0,"深夜帯あり","")) | O8: 未着手
A9: 5 | B9: 46341 | C9: =IF(B9="","",CHOOSE(WEEKDAY(B9),"日","月","火","水","木","金","土")) -> 日 | D9: 撤収 | E9: 商品梱包 | F9: イベントスペース | G9: 0.75 | H9: 0.83333333 | I9: =IF(OR(G9="",H9=""),"",MOD(H9-G9,1)) -> 0.083333333 | J9: 佐藤, 鈴木 | K9: 2 | M9: =IF(L9="","",IFERROR(INDEX(配車管理!$L$5:$L$34,MATCH(L9,配車管理!$A$5:$A$34,0)),"該当なし")) | N9: =IF(OR(G9="",H9=""),"",IF(MAX(0,MIN(H9+IF(H9<G9,1,0),1+設定!$B$14)-MAX(G9,設定!$B$13))+MAX(0,MIN(H9+IF(H9<G9,1,0),設定!$B$14)-G9)>0,"深夜帯あり","")) | O9: 未着手 | P9: 閉店 18:00 後
A10: 6 | B10: 46341 | C10: =IF(B10="","",CHOOSE(WEEKDAY(B10),"日","月","火","水","木","金","土")) -> 日 | D10: 撤収 | E10: 什器解体・積込 | F10: イベントスペース→搬入口 | G10: 0.83333333 | H10: 0.9375 | I10: =IF(OR(G10="",H10=""),"",MOD(H10-G10,1)) -> 0.10416667 | J10: 田中, 佐藤, 鈴木 | K10: 3 | L10: 3 | M10: =IF(L10="","",IFERROR(INDEX(配車管理!$L$5:$L$34,MATCH(L10,配車管理!$A$5:$A$34,0)),"該当なし")) -> 未手配 | N10: =IF(OR(G10="",H10=""),"",IF(MAX(0,MIN(H10+IF(H10<G10,1,0),1+設定!$B$14)-MAX(G10,設定!$B$13))+MAX(0,MIN(H10+IF(H10<G10,1,0),設定!$B$14)-G10)>0,"深夜帯あり","")) -> 深夜帯あり | O10: 未着手 | P10: 深夜帯警告 → 人員追加して 22:00 前に終了させる
A11: 7 | B11: 46342 | C11: =IF(B11="","",CHOOSE(WEEKDAY(B11),"日","月","火","水","木","金","土")) -> 月 | D11: 回収 | E11: 残商品 回収 | F11: ○○モール 搬入口 | G11: 0.375 | H11: 0.41666667 | I11: =IF(OR(G11="",H11=""),"",MOD(H11-G11,1)) -> 0.041666667 | J11: 佐藤 | K11: 1 | L11: 4 | M11: =IF(L11="","",IFERROR(INDEX(配車管理!$L$5:$L$34,MATCH(L11,配車管理!$A$5:$A$34,0)),"該当なし")) -> 仮押さえ | N11: =IF(OR(G11="",H11=""),"",IF(MAX(0,MIN(H11+IF(H11<G11,1,0),1+設定!$B$14)-MAX(G11,設定!$B$13))+MAX(0,MIN(H11+IF(H11<G11,1,0),設定!$B$14)-G11)>0,"深夜帯あり","")) | O11: 未着手
A12: 8 | C12: =IF(B12="","",CHOOSE(WEEKDAY(B12),"日","月","火","水","木","金","土")) | I12: =IF(OR(G12="",H12=""),"",MOD(H12-G12,1)) | M12: =IF(L12="","",IFERROR(INDEX(配車管理!$L$5:$L$34,MATCH(L12,配車管理!$A$5:$A$34,0)),"該当なし")) | N12: =IF(OR(G12="",H12=""),"",IF(MAX(0,MIN(H12+IF(H12<G12,1,0),1+設定!$B$14)-MAX(G12,設定!$B$13))+MAX(0,MIN(H12+IF(H12<G12,1,0),設定!$B$14)-G12)>0,"深夜帯あり",""))
A13: 9 | C13: =IF(B13="","",CHOOSE(WEEKDAY(B13),"日","月","火","水","木","金","土")) | I13: =IF(OR(G13="",H13=""),"",MOD(H13-G13,1)) | M13: =IF(L13="","",IFERROR(INDEX(配車管理!$L$5:$L$34,MATCH(L13,配車管理!$A$5:$A$34,0)),"該当なし")) | N13: =IF(OR(G13="",H13=""),"",IF(MAX(0,MIN(H13+IF(H13<G13,1,0),1+設定!$B$14)-MAX(G13,設定!$B$13))+MAX(0,MIN(H13+IF(H13<G13,1,0),設定!$B$14)-G13)>0,"深夜帯あり",""))
A14: 10 | C14: =IF(B14="","",CHOOSE(WEEKDAY(B14),"日","月","火","水","木","金","土")) | I14: =IF(OR(G14="",H14=""),"",MOD(H14-G14,1)) | M14: =IF(L14="","",IFERROR(INDEX(配車管理!$L$5:$L$34,MATCH(L14,配車管理!$A$5:$A$34,0)),"該当なし")) | N14: =IF(OR(G14="",H14=""),"",IF(MAX(0,MIN(H14+IF(H14<G14,1,0),1+設定!$B$14)-MAX(G14,設定!$B$13))+MAX(0,MIN(H14+IF(H14<G14,1,0),設定!$B$14)-G14)>0,"深夜帯あり",""))
A15: 11 | C15: =IF(B15="","",CHOOSE(WEEKDAY(B15),"日","月","火","水","木","金","土")) | I15: =IF(OR(G15="",H15=""),"",MOD(H15-G15,1)) | M15: =IF(L15="","",IFERROR(INDEX(配車管理!$L$5:$L$34,MATCH(L15,配車管理!$A$5:$A$34,0)),"該当なし")) | N15: =IF(OR(G15="",H15=""),"",IF(MAX(0,MIN(H15+IF(H15<G15,1,0),1+設定!$B$14)-MAX(G15,設定!$B$13))+MAX(0,MIN(H15+IF(H15<G15,1,0),設定!$B$14)-G15)>0,"深夜帯あり",""))
A16: 12 | C16: =IF(B16="","",CHOOSE(WEEKDAY(B16),"日","月","火","水","木","金","土")) | I16: =IF(OR(G16="",H16=""),"",MOD(H16-G16,1)) | M16: =IF(L16="","",IFERROR(INDEX(配車管理!$L$5:$L$34,MATCH(L16,配車管理!$A$5:$A$34,0)),"該当なし")) | N16: =IF(OR(G16="",H16=""),"",IF(MAX(0,MIN(H16+IF(H16<G16,1,0),1+設定!$B$14)-MAX(G16,設定!$B$13))+MAX(0,MIN(H16+IF(H16<G16,1,0),設定!$B$14)-G16)>0,"深夜帯あり",""))
A17: 13 | C17: =IF(B17="","",CHOOSE(WEEKDAY(B17),"日","月","火","水","木","金","土")) | I17: =IF(OR(G17="",H17=""),"",MOD(H17-G17,1)) | M17: =IF(L17="","",IFERROR(INDEX(配車管理!$L$5:$L$34,MATCH(L17,配車管理!$A$5:$A$34,0)),"該当なし")) | N17: =IF(OR(G17="",H17=""),"",IF(MAX(0,MIN(H17+IF(H17<G17,1,0),1+設定!$B$14)-MAX(G17,設定!$B$13))+MAX(0,MIN(H17+IF(H17<G17,1,0),設定!$B$14)-G17)>0,"深夜帯あり",""))
A18: 14 | C18: =IF(B18="","",CHOOSE(WEEKDAY(B18),"日","月","火","水","木","金","土")) | I18: =IF(OR(G18="",H18=""),"",MOD(H18-G18,1)) | M18: =IF(L18="","",IFERROR(INDEX(配車管理!$L$5:$L$34,MATCH(L18,配車管理!$A$5:$A$34,0)),"該当なし")) | N18: =IF(OR(G18="",H18=""),"",IF(MAX(0,MIN(H18+IF(H18<G18,1,0),1+設定!$B$14)-MAX(G18,設定!$B$13))+MAX(0,MIN(H18+IF(H18<G18,1,0),設定!$B$14)-G18)>0,"深夜帯あり",""))
A19: 15 | C19: =IF(B19="","",CHOOSE(WEEKDAY(B19),"日","月","火","水","木","金","土")) | I19: =IF(OR(G19="",H19=""),"",MOD(H19-G19,1)) | M19: =IF(L19="","",IFERROR(INDEX(配車管理!$L$5:$L$34,MATCH(L19,配車管理!$A$5:$A$34,0)),"該当なし")) | N19: =IF(OR(G19="",H19=""),"",IF(MAX(0,MIN(H19+IF(H19<G19,1,0),1+設定!$B$14)-MAX(G19,設定!$B$13))+MAX(0,MIN(H19+IF(H19<G19,1,0),設定!$B$14)-G19)>0,"深夜帯あり",""))
A20: 16 | C20: =IF(B20="","",CHOOSE(WEEKDAY(B20),"日","月","火","水","木","金","土")) | I20: =IF(OR(G20="",H20=""),"",MOD(H20-G20,1)) | M20: =IF(L20="","",IFERROR(INDEX(配車管理!$L$5:$L$34,MATCH(L20,配車管理!$A$5:$A$34,0)),"該当なし")) | N20: =IF(OR(G20="",H20=""),"",IF(MAX(0,MIN(H20+IF(H20<G20,1,0),1+設定!$B$14)-MAX(G20,設定!$B$13))+MAX(0,MIN(H20+IF(H20<G20,1,0),設定!$B$14)-G20)>0,"深夜帯あり",""))
A21: 17 | C21: =IF(B21="","",CHOOSE(WEEKDAY(B21),"日","月","火","水","木","金","土")) | I21: =IF(OR(G21="",H21=""),"",MOD(H21-G21,1)) | M21: =IF(L21="","",IFERROR(INDEX(配車管理!$L$5:$L$34,MATCH(L21,配車管理!$A$5:$A$34,0)),"該当なし")) | N21: =IF(OR(G21="",H21=""),"",IF(MAX(0,MIN(H21+IF(H21<G21,1,0),1+設定!$B$14)-MAX(G21,設定!$B$13))+MAX(0,MIN(H21+IF(H21<G21,1,0),設定!$B$14)-G21)>0,"深夜帯あり",""))
A22: 18 | C22: =IF(B22="","",CHOOSE(WEEKDAY(B22),"日","月","火","水","木","金","土")) | I22: =IF(OR(G22="",H22=""),"",MOD(H22-G22,1)) | M22: =IF(L22="","",IFERROR(INDEX(配車管理!$L$5:$L$34,MATCH(L22,配車管理!$A$5:$A$34,0)),"該当なし")) | N22: =IF(OR(G22="",H22=""),"",IF(MAX(0,MIN(H22+IF(H22<G22,1,0),1+設定!$B$14)-MAX(G22,設定!$B$13))+MAX(0,MIN(H22+IF(H22<G22,1,0),設定!$B$14)-G22)>0,"深夜帯あり",""))
A23: 19 | C23: =IF(B23="","",CHOOSE(WEEKDAY(B23),"日","月","火","水","木","金","土")) | I23: =IF(OR(G23="",H23=""),"",MOD(H23-G23,1)) | M23: =IF(L23="","",IFERROR(INDEX(配車管理!$L$5:$L$34,MATCH(L23,配車管理!$A$5:$A$34,0)),"該当なし")) | N23: =IF(OR(G23="",H23=""),"",IF(MAX(0,MIN(H23+IF(H23<G23,1,0),1+設定!$B$14)-MAX(G23,設定!$B$13))+MAX(0,MIN(H23+IF(H23<G23,1,0),設定!$B$14)-G23)>0,"深夜帯あり",""))
... A44: 40 | C44: =IF(B44="","",CHOOSE(WEEKDAY(B44),"日","月","火","水","木","金","土")) | I44: =IF(OR(G44="",H44=""),"",MOD(H44-G44,1)) | M44: =IF(L44="","",IFERROR(INDEX(配車管理!$L$5:$L$34,MATCH(L44,配車管理!$A$5:$A$34,0)),"該当なし")) | N44: =IF(OR(G44="",H44=""),"",IF(MAX(0,MIN(H44+IF(H44<G44,1,0),1+設定!$B$14)-MAX(G44,設定!$B$13))+MAX(0,MIN(H44+IF(H44<G44,1,0),設定!$B$14)-G44)>0,"深夜帯あり",""))

Sheet スタッフ稼働
A1: スタッフ稼働（残業・深夜・待機の管理）
A2: スタッフ×日につき1行。計画段階で入力して警告を潰し、実績が出たら上書きする。深夜 0 時をまたぐ勤務は終了時刻をそのまま入力。
A4: No | B4: 日付 | C4: 曜日 | D4: スタッフ名 | E4: 役割 | F4: 工程 | G4: 開始 | H4: 終了 | I4: 休憩 | J4: 実働 | K4: 残業時間 | L4: 深夜時間 | M4: 待機時間 | N4: 時給（円） | O4: 残業・深夜代 概算（円） | P4: 警告 | Q4: 備考
A5: 1 | B5: 46339 | C5: =IF(B5="","",CHOOSE(WEEKDAY(B5),"日","月","火","水","木","金","土")) -> 金 | D5: 田中 | E5: =IF(D5="","",IFERROR(INDEX(マスタ!$B$25:$B$40,MATCH(D5,マスタ!$A$25:$A$40,0)),"未登録")) -> リーダー | F5: 設営 | G5: 0.4375 | H5: 0.8125 | I5: 0.041666667 | J5: =IF(OR(G5="",H5=""),"",MOD(H5-G5,1)-N(I5)) -> 0.33333333 | K5: =IF(J5="","",MAX(0,J5-設定!$B$15)) -> 0 | L5: =IF(OR(G5="",H5=""),"",MAX(0,MIN(H5+IF(H5<G5,1,0),1+設定!$B$14)-MAX(G5,設定!$B$13))+MAX(0,MIN(H5+IF(H5<G5,1,0),設定!$B$14)-G5)) -> 0 | N5: =IF(D5="","",IFERROR(INDEX(マスタ!$C$25:$C$40,MATCH(D5,マスタ!$A$25:$A$40,0)),0)) -> 1500 | O5: =IF(J5="","",ROUND(K5*24*N5*(1+設定!$B$17)+L5*24*N5*設定!$B$18,0)) -> 0 | P5: =IF(J5="","",TRIM(IF(K5>0,"残業あり ","")&IF(L5>0,"深夜あり ","")&IF(N(M5)>設定!$B$19,"待機超過","")))
A6: 2 | B6: 46339 | C6: =IF(B6="","",CHOOSE(WEEKDAY(B6),"日","月","火","水","木","金","土")) -> 金 | D6: 佐藤 | E6: =IF(D6="","",IFERROR(INDEX(マスタ!$B$25:$B$40,MATCH(D6,マスタ!$A$25:$A$40,0)),"未登録")) -> スタッフ | F6: 設営 | G6: 0.4375 | H6: 0.8125 | I6: 0.041666667 | J6: =IF(OR(G6="",H6=""),"",MOD(H6-G6,1)-N(I6)) -> 0.33333333 | K6: =IF(J6="","",MAX(0,J6-設定!$B$15)) -> 0 | L6: =IF(OR(G6="",H6=""),"",MAX(0,MIN(H6+IF(H6<G6,1,0),1+設定!$B$14)-MAX(G6,設定!$B$13))+MAX(0,MIN(H6+IF(H6<G6,1,0),設定!$B$14)-G6)) -> 0 | N6: =IF(D6="","",IFERROR(INDEX(マスタ!$C$25:$C$40,MATCH(D6,マスタ!$A$25:$A$40,0)),0)) -> 1200 | O6: =IF(J6="","",ROUND(K6*24*N6*(1+設定!$B$17)+L6*24*N6*設定!$B$18,0)) -> 0 | P6: =IF(J6="","",TRIM(IF(K6>0,"残業あり ","")&IF(L6>0,"深夜あり ","")&IF(N(M6)>設定!$B$19,"待機超過","")))
A7: 3 | B7: 46339 | C7: =IF(B7="","",CHOOSE(WEEKDAY(B7),"日","月","火","水","木","金","土")) -> 金 | D7: 鈴木 | E7: =IF(D7="","",IFERROR(INDEX(マスタ!$B$25:$B$40,MATCH(D7,マスタ!$A$25:$A$40,0)),"未登録")) -> スタッフ | F7: 設営 | G7: 0.45833333 | H7: 0.8125 | I7: 0.041666667 | J7: =IF(OR(G7="",H7=""),"",MOD(H7-G7,1)-N(I7)) -> 0.3125 | K7: =IF(J7="","",MAX(0,J7-設定!$B$15)) -> 0 | L7: =IF(OR(G7="",H7=""),"",MAX(0,MIN(H7+IF(H7<G7,1,0),1+設定!$B$14)-MAX(G7,設定!$B$13))+MAX(0,MIN(H7+IF(H7<G7,1,0),設定!$B$14)-G7)) -> 0 | N7: =IF(D7="","",IFERROR(INDEX(マスタ!$C$25:$C$40,MATCH(D7,マスタ!$A$25:$A$40,0)),0)) -> 1200 | O7: =IF(J7="","",ROUND(K7*24*N7*(1+設定!$B$17)+L7*24*N7*設定!$B$18,0)) -> 0 | P7: =IF(J7="","",TRIM(IF(K7>0,"残業あり ","")&IF(L7>0,"深夜あり ","")&IF(N(M7)>設定!$B$19,"待機超過","")))
A8: 4 | B8: 46341 | C8: =IF(B8="","",CHOOSE(WEEKDAY(B8),"日","月","火","水","木","金","土")) -> 日 | D8: 田中 | E8: =IF(D8="","",IFERROR(INDEX(マスタ!$B$25:$B$40,MATCH(D8,マスタ!$A$25:$A$40,0)),"未登録")) -> リーダー | F8: 撤収 | G8: 0.54166667 | H8: 0.9375 | I8: 0.041666667 | J8: =IF(OR(G8="",H8=""),"",MOD(H8-G8,1)-N(I8)) -> 0.35416667 | K8: =IF(J8="","",MAX(0,J8-設定!$B$15)) -> 0.020833333 | L8: =IF(OR(G8="",H8=""),"",MAX(0,MIN(H8+IF(H8<G8,1,0),1+設定!$B$14)-MAX(G8,設定!$B$13))+MAX(0,MIN(H8+IF(H8<G8,1,0),設定!$B$14)-G8)) -> 0.020833333 | N8: =IF(D8="","",IFERROR(INDEX(マスタ!$C$25:$C$40,MATCH(D8,マスタ!$A$25:$A$40,0)),0)) -> 1500 | O8: =IF(J8="","",ROUND(K8*24*N8*(1+設定!$B$17)+L8*24*N8*設定!$B$18,0)) -> 1125 | P8: =IF(J8="","",TRIM(IF(K8>0,"残業あり ","")&IF(L8>0,"深夜あり ","")&IF(N(M8)>設定!$B$19,"待機超過",""))) -> 残業あり 深夜あり | Q8: 残業・深夜 → 撤収を 22:00 前に終える計画へ変更
A9: 5 | B9: 46341 | C9: =IF(B9="","",CHOOSE(WEEKDAY(B9),"日","月","火","水","木","金","土")) -> 日 | D9: 佐藤 | E9: =IF(D9="","",IFERROR(INDEX(マスタ!$B$25:$B$40,MATCH(D9,マスタ!$A$25:$A$40,0)),"未登録")) -> スタッフ | F9: 撤収 | G9: 0.70833333 | H9: 0.9375 | I9: 0 | J9: =IF(OR(G9="",H9=""),"",MOD(H9-G9,1)-N(I9)) -> 0.22916667 | K9: =IF(J9="","",MAX(0,J9-設定!$B$15)) -> 0 | L9: =IF(OR(G9="",H9=""),"",MAX(0,MIN(H9+IF(H9<G9,1,0),1+設定!$B$14)-MAX(G9,設定!$B$13))+MAX(0,MIN(H9+IF(H9<G9,1,0),設定!$B$14)-G9)) -> 0.020833333 | M9: 0.0625 | N9: =IF(D9="","",IFERROR(INDEX(マスタ!$C$25:$C$40,MATCH(D9,マスタ!$A$25:$A$40,0)),0)) -> 1200 | O9: =IF(J9="","",ROUND(K9*24*N9*(1+設定!$B$17)+L9*24*N9*設定!$B$18,0)) -> 150 | P9: =IF(J9="","",TRIM(IF(K9>0,"残業あり ","")&IF(L9>0,"深夜あり ","")&IF(N(M9)>設定!$B$19,"待機超過",""))) -> 深夜あり 待機超過 | Q9: 待機超過 → 開始を 18:00 に遅らせる
A10: 6 | B10: 46341 | C10: =IF(B10="","",CHOOSE(WEEKDAY(B10),"日","月","火","水","木","金","土")) -> 日 | D10: 鈴木 | E10: =IF(D10="","",IFERROR(INDEX(マスタ!$B$25:$B$40,MATCH(D10,マスタ!$A$25:$A$40,0)),"未登録")) -> スタッフ | F10: 撤収 | G10: 0.75 | H10: 0.9375 | I10: 0 | J10: =IF(OR(G10="",H10=""),"",MOD(H10-G10,1)-N(I10)) -> 0.1875 | K10: =IF(J10="","",MAX(0,J10-設定!$B$15)) -> 0 | L10: =IF(OR(G10="",H10=""),"",MAX(0,MIN(H10+IF(H10<G10,1,0),1+設定!$B$14)-MAX(G10,設定!$B$13))+MAX(0,MIN(H10+IF(H10<G10,1,0),設定!$B$14)-G10)) -> 0.020833333 | N10: =IF(D10="","",IFERROR(INDEX(マスタ!$C$25:$C$40,MATCH(D10,マスタ!$A$25:$A$40,0)),0)) -> 1200 | O10: =IF(J10="","",ROUND(K10*24*N10*(1+設定!$B$17)+L10*24*N10*設定!$B$18,0)) -> 150 | P10: =IF(J10="","",TRIM(IF(K10>0,"残業あり ","")&IF(L10>0,"深夜あり ","")&IF(N(M10)>設定!$B$19,"待機超過",""))) -> 深夜あり
A11: 7 | C11: =IF(B11="","",CHOOSE(WEEKDAY(B11),"日","月","火","水","木","金","土")) | E11: =IF(D11="","",IFERROR(INDEX(マスタ!$B$25:$B$40,MATCH(D11,マスタ!$A$25:$A$40,0)),"未登録")) | J11: =IF(OR(G11="",H11=""),"",MOD(H11-G11,1)-N(I11)) | K11: =IF(J11="","",MAX(0,J11-設定!$B$15)) | L11: =IF(OR(G11="",H11=""),"",MAX(0,MIN(H11+IF(H11<G11,1,0),1+設定!$B$14)-MAX(G11,設定!$B$13))+MAX(0,MIN(H11+IF(H11<G11,1,0),設定!$B$14)-G11)) | N11: =IF(D11="","",IFERROR(INDEX(マスタ!$C$25:$C$40,MATCH(D11,マスタ!$A$25:$A$40,0)),0)) | O11: =IF(J11="","",ROUND(K11*24*N11*(1+設定!$B$17)+L11*24*N11*設定!$B$18,0)) | P11: =IF(J11="","",TRIM(IF(K11>0,"残業あり ","")&IF(L11>0,"深夜あり ","")&IF(N(M11)>設定!$B$19,"待機超過","")))
A12: 8 | C12: =IF(B12="","",CHOOSE(WEEKDAY(B12),"日","月","火","水","木","金","土")) | E12: =IF(D12="","",IFERROR(INDEX(マスタ!$B$25:$B$40,MATCH(D12,マスタ!$A$25:$A$40,0)),"未登録")) | J12: =IF(OR(G12="",H12=""),"",MOD(H12-G12,1)-N(I12)) | K12: =IF(J12="","",MAX(0,J12-設定!$B$15)) | L12: =IF(OR(G12="",H12=""),"",MAX(0,MIN(H12+IF(H12<G12,1,0),1+設定!$B$14)-MAX(G12,設定!$B$13))+MAX(0,MIN(H12+IF(H12<G12,1,0),設定!$B$14)-G12)) | N12: =IF(D12="","",IFERROR(INDEX(マスタ!$C$25:$C$40,MATCH(D12,マスタ!$A$25:$A$40,0)),0)) | O12: =IF(J12="","",ROUND(K12*24*N12*(1+設定!$B$17)+L12*24*N12*設定!$B$18,0)) | P12: =IF(J12="","",TRIM(IF(K12>0,"残業あり ","")&IF(L12>0,"深夜あり ","")&IF(N(M12)>設定!$B$19,"待機超過","")))
A13: 9 | C13: =IF(B13="","",CHOOSE(WEEKDAY(B13),"日","月","火","水","木","金","土")) | E13: =IF(D13="","",IFERROR(INDEX(マスタ!$B$25:$B$40,MATCH(D13,マスタ!$A$25:$A$40,0)),"未登録")) | J13: =IF(OR(G13="",H13=""),"",MOD(H13-G13,1)-N(I13)) | K13: =IF(J13="","",MAX(0,J13-設定!$B$15)) | L13: =IF(OR(G13="",H13=""),"",MAX(0,MIN(H13+IF(H13<G13,1,0),1+設定!$B$14)-MAX(G13,設定!$B$13))+MAX(0,MIN(H13+IF(H13<G13,1,0),設定!$B$14)-G13)) | N13: =IF(D13="","",IFERROR(INDEX(マスタ!$C$25:$C$40,MATCH(D13,マスタ!$A$25:$A$40,0)),0)) | O13: =IF(J13="","",ROUND(K13*24*N13*(1+設定!$B$17)+L13*24*N13*設定!$B$18,0)) | P13: =IF(J13="","",TRIM(IF(K13>0,"残業あり ","")&IF(L13>0,"深夜あり ","")&IF(N(M13)>設定!$B$19,"待機超過","")))
A14: 10 | C14: =IF(B14="","",CHOOSE(WEEKDAY(B14),"日","月","火","水","木","金","土")) | E14: =IF(D14="","",IFERROR(INDEX(マスタ!$B$25:$B$40,MATCH(D14,マスタ!$A$25:$A$40,0)),"未登録")) | J14: =IF(OR(G14="",H14=""),"",MOD(H14-G14,1)-N(I14)) | K14: =IF(J14="","",MAX(0,J14-設定!$B$15)) | L14: =IF(OR(G14="",H14=""),"",MAX(0,MIN(H14+IF(H14<G14,1,0),1+設定!$B$14)-MAX(G14,設定!$B$13))+MAX(0,MIN(H14+IF(H14<G14,1,0),設定!$B$14)-G14)) | N14: =IF(D14="","",IFERROR(INDEX(マスタ!$C$25:$C$40,MATCH(D14,マスタ!$A$25:$A$40,0)),0)) | O14: =IF(J14="","",ROUND(K14*24*N14*(1+設定!$B$17)+L14*24*N14*設定!$B$18,0)) | P14: =IF(J14="","",TRIM(IF(K14>0,"残業あり ","")&IF(L14>0,"深夜あり ","")&IF(N(M14)>設定!$B$19,"待機超過","")))
A15: 11 | C15: =IF(B15="","",CHOOSE(WEEKDAY(B15),"日","月","火","水","木","金","土")) | E15: =IF(D15="","",IFERROR(INDEX(マスタ!$B$25:$B$40,MATCH(D15,マスタ!$A$25:$A$40,0)),"未登録")) | J15: =IF(OR(G15="",H15=""),"",MOD(H15-G15,1)-N(I15)) | K15: =IF(J15="","",MAX(0,J15-設定!$B$15)) | L15: =IF(OR(G15="",H15=""),"",MAX(0,MIN(H15+IF(H15<G15,1,0),1+設定!$B$14)-MAX(G15,設定!$B$13))+MAX(0,MIN(H15+IF(H15<G15,1,0),設定!$B$14)-G15)) | N15: =IF(D15="","",IFERROR(INDEX(マスタ!$C$25:$C$40,MATCH(D15,マスタ!$A$25:$A$40,0)),0)) | O15: =IF(J15="","",ROUND(K15*24*N15*(1+設定!$B$17)+L15*24*N15*設定!$B$18,0)) | P15: =IF(J15="","",TRIM(IF(K15>0,"残業あり ","")&IF(L15>0,"深夜あり ","")&IF(N(M15)>設定!$B$19,"待機超過","")))
A16: 12 | C16: =IF(B16="","",CHOOSE(WEEKDAY(B16),"日","月","火","水","木","金","土")) | E16: =IF(D16="","",IFERROR(INDEX(マスタ!$B$25:$B$40,MATCH(D16,マスタ!$A$25:$A$40,0)),"未登録")) | J16: =IF(OR(G16="",H16=""),"",MOD(H16-G16,1)-N(I16)) | K16: =IF(J16="","",MAX(0,J16-設定!$B$15)) | L16: =IF(OR(G16="",H16=""),"",MAX(0,MIN(H16+IF(H16<G16,1,0),1+設定!$B$14)-MAX(G16,設定!$B$13))+MAX(0,MIN(H16+IF(H16<G16,1,0),設定!$B$14)-G16)) | N16: =IF(D16="","",IFERROR(INDEX(マスタ!$C$25:$C$40,MATCH(D16,マスタ!$A$25:$A$40,0)),0)) | O16: =IF(J16="","",ROUND(K16*24*N16*(1+設定!$B$17)+L16*24*N16*設定!$B$18,0)) | P16: =IF(J16="","",TRIM(IF(K16>0,"残業あり ","")&IF(L16>0,"深夜あり ","")&IF(N(M16)>設定!$B$19,"待機超過","")))
A17: 13 | C17: =IF(B17="","",CHOOSE(WEEKDAY(B17),"日","月","火","水","木","金","土")) | E17: =IF(D17="","",IFERROR(INDEX(マスタ!$B$25:$B$40,MATCH(D17,マスタ!$A$25:$A$40,0)),"未登録")) | J17: =IF(OR(G17="",H17=""),"",MOD(H17-G17,1)-N(I17)) | K17: =IF(J17="","",MAX(0,J17-設定!$B$15)) | L17: =IF(OR(G17="",H17=""),"",MAX(0,MIN(H17+IF(H17<G17,1,0),1+設定!$B$14)-MAX(G17,設定!$B$13))+MAX(0,MIN(H17+IF(H17<G17,1,0),設定!$B$14)-G17)) | N17: =IF(D17="","",IFERROR(INDEX(マスタ!$C$25:$C$40,MATCH(D17,マスタ!$A$25:$A$40,0)),0)) | O17: =IF(J17="","",ROUND(K17*24*N17*(1+設定!$B$17)+L17*24*N17*設定!$B$18,0)) | P17: =IF(J17="","",TRIM(IF(K17>0,"残業あり ","")&IF(L17>0,"深夜あり ","")&IF(N(M17)>設定!$B$19,"待機超過","")))
A18: 14 | C18: =IF(B18="","",CHOOSE(WEEKDAY(B18),"日","月","火","水","木","金","土")) | E18: =IF(D18="","",IFERROR(INDEX(マスタ!$B$25:$B$40,MATCH(D18,マスタ!$A$25:$A$40,0)),"未登録")) | J18: =IF(OR(G18="",H18=""),"",MOD(H18-G18,1)-N(I18)) | K18: =IF(J18="","",MAX(0,J18-設定!$B$15)) | L18: =IF(OR(G18="",H18=""),"",MAX(0,MIN(H18+IF(H18<G18,1,0),1+設定!$B$14)-MAX(G18,設定!$B$13))+MAX(0,MIN(H18+IF(H18<G18,1,0),設定!$B$14)-G18)) | N18: =IF(D18="","",IFERROR(INDEX(マスタ!$C$25:$C$40,MATCH(D18,マスタ!$A$25:$A$40,0)),0)) | O18: =IF(J18="","",ROUND(K18*24*N18*(1+設定!$B$17)+L18*24*N18*設定!$B$18,0)) | P18: =IF(J18="","",TRIM(IF(K18>0,"残業あり ","")&IF(L18>0,"深夜あり ","")&IF(N(M18)>設定!$B$19,"待機超過","")))
A19: 15 | C19: =IF(B19="","",CHOOSE(WEEKDAY(B19),"日","月","火","水","木","金","土")) | E19: =IF(D19="","",IFERROR(INDEX(マスタ!$B$25:$B$40,MATCH(D19,マスタ!$A$25:$A$40,0)),"未登録")) | J19: =IF(OR(G19="",H19=""),"",MOD(H19-G19,1)-N(I19)) | K19: =IF(J19="","",MAX(0,J19-設定!$B$15)) | L19: =IF(OR(G19="",H19=""),"",MAX(0,MIN(H19+IF(H19<G19,1,0),1+設定!$B$14)-MAX(G19,設定!$B$13))+MAX(0,MIN(H19+IF(H19<G19,1,0),設定!$B$14)-G19)) | N19: =IF(D19="","",IFERROR(INDEX(マスタ!$C$25:$C$40,MATCH(D19,マスタ!$A$25:$A$40,0)),0)) | O19: =IF(J19="","",ROUND(K19*24*N19*(1+設定!$B$17)+L19*24*N19*設定!$B$18,0)) | P19: =IF(J19="","",TRIM(IF(K19>0,"残業あり ","")&IF(L19>0,"深夜あり ","")&IF(N(M19)>設定!$B$19,"待機超過","")))
A20: 16 | C20: =IF(B20="","",CHOOSE(WEEKDAY(B20),"日","月","火","水","木","金","土")) | E20: =IF(D20="","",IFERROR(INDEX(マスタ!$B$25:$B$40,MATCH(D20,マスタ!$A$25:$A$40,0)),"未登録")) | J20: =IF(OR(G20="",H20=""),"",MOD(H20-G20,1)-N(I20)) | K20: =IF(J20="","",MAX(0,J20-設定!$B$15)) | L20: =IF(OR(G20="",H20=""),"",MAX(0,MIN(H20+IF(H20<G20,1,0),1+設定!$B$14)-MAX(G20,設定!$B$13))+MAX(0,MIN(H20+IF(H20<G20,1,0),設定!$B$14)-G20)) | N20: =IF(D20="","",IFERROR(INDEX(マスタ!$C$25:$C$40,MATCH(D20,マスタ!$A$25:$A$40,0)),0)) | O20: =IF(J20="","",ROUND(K20*24*N20*(1+設定!$B$17)+L20*24*N20*設定!$B$18,0)) | P20: =IF(J20="","",TRIM(IF(K20>0,"残業あり ","")&IF(L20>0,"深夜あり ","")&IF(N(M20)>設定!$B$19,"待機超過","")))
A21: 17 | C21: =IF(B21="","",CHOOSE(WEEKDAY(B21),"日","月","火","水","木","金","土")) | E21: =IF(D21="","",IFERROR(INDEX(マスタ!$B$25:$B$40,MATCH(D21,マスタ!$A$25:$A$40,0)),"未登録")) | J21: =IF(OR(G21="",H21=""),"",MOD(H21-G21,1)-N(I21)) | K21: =IF(J21="","",MAX(0,J21-設定!$B$15)) | L21: =IF(OR(G21="",H21=""),"",MAX(0,MIN(H21+IF(H21<G21,1,0),1+設定!$B$14)-MAX(G21,設定!$B$13))+MAX(0,MIN(H21+IF(H21<G21,1,0),設定!$B$14)-G21)) | N21: =IF(D21="","",IFERROR(INDEX(マスタ!$C$25:$C$40,MATCH(D21,マスタ!$A$25:$A$40,0)),0)) | O21: =IF(J21="","",ROUND(K21*24*N21*(1+設定!$B$17)+L21*24*N21*設定!$B$18,0)) | P21: =IF(J21="","",TRIM(IF(K21>0,"残業あり ","")&IF(L21>0,"深夜あり ","")&IF(N(M21)>設定!$B$19,"待機超過","")))
A22: 18 | C22: =IF(B22="","",CHOOSE(WEEKDAY(B22),"日","月","火","水","木","金","土")) | E22: =IF(D22="","",IFERROR(INDEX(マスタ!$B$25:$B$40,MATCH(D22,マスタ!$A$25:$A$40,0)),"未登録")) | J22: =IF(OR(G22="",H22=""),"",MOD(H22-G22,1)-N(I22)) | K22: =IF(J22="","",MAX(0,J22-設定!$B$15)) | L22: =IF(OR(G22="",H22=""),"",MAX(0,MIN(H22+IF(H22<G22,1,0),1+設定!$B$14)-MAX(G22,設定!$B$13))+MAX(0,MIN(H22+IF(H22<G22,1,0),設定!$B$14)-G22)) | N22: =IF(D22="","",IFERROR(INDEX(マスタ!$C$25:$C$40,MATCH(D22,マスタ!$A$25:$A$40,0)),0)) | O22: =IF(J22="","",ROUND(K22*24*N22*(1+設定!$B$17)+L22*24*N22*設定!$B$18,0)) | P22: =IF(J22="","",TRIM(IF(K22>0,"残業あり ","")&IF(L22>0,"深夜あり ","")&IF(N(M22)>設定!$B$19,"待機超過","")))
... A44: 40 | C44: =IF(B44="","",CHOOSE(WEEKDAY(B44),"日","月","火","水","木","金","土")) | E44: =IF(D44="","",IFERROR(INDEX(マスタ!$B$25:$B$40,MATCH(D44,マスタ!$A$25:$A$40,0)),"未登録")) | J44: =IF(OR(G44="",H44=""),"",MOD(H44-G44,1)-N(I44)) | K44: =IF(J44="","",MAX(0,J44-設定!$B$15)) | L44: =IF(OR(G44="",H44=""),"",MAX(0,MIN(H44+IF(H44<G44,1,0),1+設定!$B$14)-MAX(G44,設定!$B$13))+MAX(0,MIN(H44+IF(H44<G44,1,0),設定!$B$14)-G44)) | N44: =IF(D44="","",IFERROR(INDEX(マスタ!$C$25:$C$40,MATCH(D44,マスタ!$A$25:$A$40,0)),0)) | O44: =IF(J44="","",ROUND(K44*24*N44*(1+設定!$B$17)+L44*24*N44*設定!$B$18,0)) | P44: =IF(J44="","",TRIM(IF(K44>0,"残業あり ","")&IF(L44>0,"深夜あり ","")&IF(N(M44)>設定!$B$19,"待機超過","")))

Sheet チェックリスト
A1: 準備チェックリスト（イベント初日からの逆算）
A2: 期限日は 設定シートのイベント初日から自動計算。完了したら「✓」を入力。
A4: タイミング | B4: 項目 | C4: 担当 | D4: 期限日 | E4: 曜日 | F4: 残日数 | G4: 完了 | H4: 完了日 | I4: 備考
A5: D-14 | B5: 会場の搬入・搬出可能時間、夜間作業制限、使用可能エレベーター/搬入口を確認する | C5: 田中 | D5: =IF(設定!$B$7="","",設定!$B$7+(-14)) -> 46326 | E5: =IF(D5="","",CHOOSE(WEEKDAY(D5),"日","月","火","水","木","金","土")) -> 土 | F5: =IF(OR(D5="",G5="✓"),"",D5-TODAY()) -> 10
A6: D-14 | B6: 配送物量（什器・商品・備品）と必要車種・台数を確定する | C6: 田中 | D6: =IF(設定!$B$7="","",設定!$B$7+(-14)) -> 46326 | E6: =IF(D6="","",CHOOSE(WEEKDAY(D6),"日","月","火","水","木","金","土")) -> 土 | F6: =IF(OR(D6="",G6="✓"),"",D6-TODAY()) -> 10
A7: D-10 | B7: 配車管理シートに全車両を入力（撤収便・回収便を含む）し、業者へ仮押さえを依頼する | C7: 田中 | D7: =IF(設定!$B$7="","",設定!$B$7+(-10)) -> 46330 | E7: =IF(D7="","",CHOOSE(WEEKDAY(D7),"日","月","火","水","木","金","土")) -> 水 | F7: =IF(OR(D7="",G7="✓"),"",D7-TODAY()) -> 14
A8: D-10 | B8: 業者ごとの無料キャンセル期限・キャンセル料率をマスタに登録する | C8: 田中 | D8: =IF(設定!$B$7="","",設定!$B$7+(-10)) -> 46330 | E8: =IF(D8="","",CHOOSE(WEEKDAY(D8),"日","月","火","水","木","金","土")) -> 水 | F8: =IF(OR(D8="",G8="✓"),"",D8-TODAY()) -> 14
A9: D-7 | B9: スケジュールシートに配送・設営・撤収の作業を時刻付きで入力し、「深夜帯あり」を解消する | C9: 田中 | D9: =IF(設定!$B$7="","",設定!$B$7+(-7)) -> 46333 | E9: =IF(D9="","",CHOOSE(WEEKDAY(D9),"日","月","火","水","木","金","土")) -> 土 | F9: =IF(OR(D9="",G9="✓"),"",D9-TODAY()) -> 17
A10: D-7 | B10: スタッフ稼働シートにシフト案を入力し、「残業あり」「待機超過」を解消する | C10: 田中 | D10: =IF(設定!$B$7="","",設定!$B$7+(-7)) -> 46333 | E10: =IF(D10="","",CHOOSE(WEEKDAY(D10),"日","月","火","水","木","金","土")) -> 土 | F10: =IF(OR(D10="",G10="✓"),"",D10-TODAY()) -> 17
A11: D-5 | B11: 配車を確定（業者へ確定連絡→ステータス「確定」・確定日を入力）。警告列が空であることを確認 | C11: 田中 | D11: =IF(設定!$B$7="","",設定!$B$7+(-5)) -> 46335 | E11: =IF(D11="","",CHOOSE(WEEKDAY(D11),"日","月","火","水","木","金","土")) -> 月 | F11: =IF(OR(D11="",G11="✓"),"",D11-TODAY()) -> 19
A12: D-3 | B12: 業者と最終確認（集荷時刻・納品先・現地連絡先・駐車場所） | C12: 田中 | D12: =IF(設定!$B$7="","",設定!$B$7+(-3)) -> 46337 | E12: =IF(D12="","",CHOOSE(WEEKDAY(D12),"日","月","火","水","木","金","土")) -> 水 | F12: =IF(OR(D12="",G12="✓"),"",D12-TODAY()) -> 21
A13: D-3 | B13: スタッフへシフト確定を連絡（開始・終了時刻、集合場所） | C13: 田中 | D13: =IF(設定!$B$7="","",設定!$B$7+(-3)) -> 46337 | E13: =IF(D13="","",CHOOSE(WEEKDAY(D13),"日","月","火","水","木","金","土")) -> 水 | F13: =IF(OR(D13="",G13="✓"),"",D13-TODAY()) -> 21
A14: D-1 | B14: 積込完了・納品伝票・会場提出書類の確認 | C14: 佐藤 | D14: =IF(設定!$B$7="","",設定!$B$7+(-1)) -> 46339 | E14: =IF(D14="","",CHOOSE(WEEKDAY(D14),"日","月","火","水","木","金","土")) -> 金 | F14: =IF(OR(D14="",G14="✓"),"",D14-TODAY()) -> 23
A15: D-1 | B15: 当日の連絡体制（業者・会場担当・スタッフ）と緊急時の代替車両を確認 | C15: 田中 | D15: =IF(設定!$B$7="","",設定!$B$7+(-1)) -> 46339 | E15: =IF(D15="","",CHOOSE(WEEKDAY(D15),"日","月","火","水","木","金","土")) -> 金 | F15: =IF(OR(D15="",G15="✓"),"",D15-TODAY()) -> 23
A16: 当日 | B16: ダッシュボードの「未確定配車」「警告件数」が 0 であることを確認 | C16: 田中 | D16: =IF(設定!$B$7="","",設定!$B$7+(0)) -> 46340 | E16: =IF(D16="","",CHOOSE(WEEKDAY(D16),"日","月","火","水","木","金","土")) -> 土 | F16: =IF(OR(D16="",G16="✓"),"",D16-TODAY()) -> 24
A17: 当日 | B17: 到着時刻・作業開始/終了の実績をスケジュールシートに記録 | C17: 佐藤 | D17: =IF(設定!$B$7="","",設定!$B$7+(0)) -> 46340 | E17: =IF(D17="","",CHOOSE(WEEKDAY(D17),"日","月","火","水","木","金","土")) -> 土 | F17: =IF(OR(D17="",G17="✓"),"",D17-TODAY()) -> 24
A18: 撤収後 (+1) | B18: 撤収後：スタッフ稼働に実績時間を入力し、残業・深夜の原因を備考に残す | C18: 田中 | D18: =IF(設定!$B$9="","",設定!$B$9+(1)) -> 46342 | E18: =IF(D18="","",CHOOSE(WEEKDAY(D18),"日","月","火","水","木","金","土")) -> 月 | F18: =IF(OR(D18="",G18="✓"),"",D18-TODAY()) -> 26
A19: 撤収後 (+2) | B19: 業者へ請求内容（追加料金・待機料金の有無）を確認 | C19: 田中 | D19: =IF(設定!$B$9="","",設定!$B$9+(2)) -> 46343 | E19: =IF(D19="","",CHOOSE(WEEKDAY(D19),"日","月","火","水","木","金","土")) -> 火 | F19: =IF(OR(D19="",G19="✓"),"",D19-TODAY()) -> 27
